URI	Filename	FixedModifications	VariableModifications	Proteomics Data Acquisition Method	Label	PrecursorMassTolerance	PrecursorMassToleranceUnit	FragmentMassTolerance	FragmentMassToleranceUnit	DissociationMethod	Enzyme
/mnt/daicx/pvc-afbfaa68-aa52-416c-b273-64fb016fd745/PXD019463/170719_AM_AUT01-DN15_Tongue_Tue39L243_10_DDA_1_400-1000mz_msms9_standard.raw	170719_AM_AUT01-DN15_Tongue_Tue39L243_10_DDA_1_400-1000mz_msms9_standard.mzML	Carbamidomethyl (C)	Oxidation (M)	Data-Dependent Acquisition	label free sample	5	ppm	0.02	Da	HCD	unspecific cleavage
/mnt/daicx/pvc-afbfaa68-aa52-416c-b273-64fb016fd745/PXD019463/170719_AM_AUT01-DN15_Tongue_Tue39L243_10_DDA_2_400-1000mz_msms10_standard.raw	170719_AM_AUT01-DN15_Tongue_Tue39L243_10_DDA_2_400-1000mz_msms10_standard.mzML	Carbamidomethyl (C)	Oxidation (M)	Data-Dependent Acquisition	label free sample	5	ppm	0.02	Da	HCD	unspecific cleavage
/mnt/daicx/pvc-afbfaa68-aa52-416c-b273-64fb016fd745/PXD019463/170719_AM_AUT01-DN15_Tongue_Tue39L243_10_DDA_3_400-1000mz_msms11_standard.raw	170719_AM_AUT01-DN15_Tongue_Tue39L243_10_DDA_3_400-1000mz_msms11_standard.mzML	Carbamidomethyl (C)	Oxidation (M)	Data-Dependent Acquisition	label free sample	5	ppm	0.02	Da	HCD	unspecific cleavage
/mnt/daicx/pvc-afbfaa68-aa52-416c-b273-64fb016fd745/PXD019463/170804_AM_AUT01-DN17_Heart_Tue39L243_10_DDA_1_400-1000mz_msms27_standard.raw	170804_AM_AUT01-DN17_Heart_Tue39L243_10_DDA_1_400-1000mz_msms27_standard.mzML	Carbamidomethyl (C)	Oxidation (M)	Data-Dependent Acquisition	label free sample	5	ppm	0.02	Da	HCD	unspecific cleavage
/mnt/daicx/pvc-afbfaa68-aa52-416c-b273-64fb016fd745/PXD019463/170804_AM_AUT01-DN17_Heart_Tue39L243_10_DDA_2_400-1000mz_msms28_standard.raw	170804_AM_AUT01-DN17_Heart_Tue39L243_10_DDA_2_400-1000mz_msms28_standard.mzML	Carbamidomethyl (C)	Oxidation (M)	Data-Dependent Acquisition	label free sample	5	ppm	0.02	Da	HCD	unspecific cleavage
/mnt/daicx/pvc-afbfaa68-aa52-416c-b273-64fb016fd745/PXD019463/170804_AM_AUT01-DN17_Heart_Tue39L243_10_DDA_3_400-1000mz_msms29_standard.raw	170804_AM_AUT01-DN17_Heart_Tue39L243_10_DDA_3_400-1000mz_msms29_standard.mzML	Carbamidomethyl (C)	Oxidation (M)	Data-Dependent Acquisition	label free sample	5	ppm	0.02	Da	HCD	unspecific cleavage
/mnt/daicx/pvc-afbfaa68-aa52-416c-b273-64fb016fd745/PXD019463/160906_AM_AUT01-DN09_Testis_Tue39L243_10_DDA_1_400-1000mz_msms49_standard.raw	160906_AM_AUT01-DN09_Testis_Tue39L243_10_DDA_1_400-1000mz_msms49_standard.mzML	Carbamidomethyl (C)	Oxidation (M)	Data-Dependent Acquisition	label free sample	5	ppm	0.02	Da	HCD	unspecific cleavage
/mnt/daicx/pvc-afbfaa68-aa52-416c-b273-64fb016fd745/PXD019463/160906_AM_AUT01-DN09_Testis_Tue39L243_10_DDA_2_400-1000mz_msms50_standard.raw	160906_AM_AUT01-DN09_Testis_Tue39L243_10_DDA_2_400-1000mz_msms50_standard.mzML	Carbamidomethyl (C)	Oxidation (M)	Data-Dependent Acquisition	label free sample	5	ppm	0.02	Da	HCD	unspecific cleavage
/mnt/daicx/pvc-afbfaa68-aa52-416c-b273-64fb016fd745/PXD019463/160906_AM_AUT01-DN09_Testis_Tue39L243_10_DDA_3_400-1000mz_msms51_standard.raw	160906_AM_AUT01-DN09_Testis_Tue39L243_10_DDA_3_400-1000mz_msms51_standard.mzML	Carbamidomethyl (C)	Oxidation (M)	Data-Dependent Acquisition	label free sample	5	ppm	0.02	Da	HCD	unspecific cleavage
/mnt/daicx/pvc-afbfaa68-aa52-416c-b273-64fb016fd745/PXD019463/170506_AM_AUT01-DN14_Spleen_Tue39L243_10_DDA_1_400-1000mz_msms25_standard.raw	170506_AM_AUT01-DN14_Spleen_Tue39L243_10_DDA_1_400-1000mz_msms25_standard.mzML	Carbamidomethyl (C)	Oxidation (M)	Data-Dependent Acquisition	label free sample	5	ppm	0.02	Da	HCD	unspecific cleavage
/mnt/daicx/pvc-afbfaa68-aa52-416c-b273-64fb016fd745/PXD019463/170506_AM_AUT01-DN14_Spleen_Tue39L243_10_DDA_2_400-1000mz_msms26_standard.raw	170506_AM_AUT01-DN14_Spleen_Tue39L243_10_DDA_2_400-1000mz_msms26_standard.mzML	Carbamidomethyl (C)	Oxidation (M)	Data-Dependent Acquisition	label free sample	5	ppm	0.02	Da	HCD	unspecific cleavage
/mnt/daicx/pvc-afbfaa68-aa52-416c-b273-64fb016fd745/PXD019463/170506_AM_AUT01-DN14_Spleen_Tue39L243_10_DDA_3_400-1000mz_msms27_standard.raw	170506_AM_AUT01-DN14_Spleen_Tue39L243_10_DDA_3_400-1000mz_msms27_standard.mzML	Carbamidomethyl (C)	Oxidation (M)	Data-Dependent Acquisition	label free sample	5	ppm	0.02	Da	HCD	unspecific cleavage
/mnt/daicx/pvc-afbfaa68-aa52-416c-b273-64fb016fd745/PXD019463/171002_AM_AUT01-DN17_Spleen_Tue39L243_10_DDA_1_400-1000mz_msms10_standard.raw	171002_AM_AUT01-DN17_Spleen_Tue39L243_10_DDA_1_400-1000mz_msms10_standard.mzML	Carbamidomethyl (C)	Oxidation (M)	Data-Dependent Acquisition	label free sample	5	ppm	0.02	Da	HCD	unspecific cleavage
/mnt/daicx/pvc-afbfaa68-aa52-416c-b273-64fb016fd745/PXD019463/171002_AM_AUT01-DN17_Spleen_Tue39L243_10_DDA_2_400-1000mz_msms11_standard.raw	171002_AM_AUT01-DN17_Spleen_Tue39L243_10_DDA_2_400-1000mz_msms11_standard.mzML	Carbamidomethyl (C)	Oxidation (M)	Data-Dependent Acquisition	label free sample	5	ppm	0.02	Da	HCD	unspecific cleavage
/mnt/daicx/pvc-afbfaa68-aa52-416c-b273-64fb016fd745/PXD019463/171002_AM_AUT01-DN17_Spleen_Tue39L243_10_DDA_3_400-1000mz_msms12_standard.raw	171002_AM_AUT01-DN17_Spleen_Tue39L243_10_DDA_3_400-1000mz_msms12_standard.mzML	Carbamidomethyl (C)	Oxidation (M)	Data-Dependent Acquisition	label free sample	5	ppm	0.02	Da	HCD	unspecific cleavage
/mnt/daicx/pvc-afbfaa68-aa52-416c-b273-64fb016fd745/PXD019463/161115_AM_AUT01-DN13_Liver_Tue39L243_10_DDA_1_400-1000mz_msms17_standard.raw	161115_AM_AUT01-DN13_Liver_Tue39L243_10_DDA_1_400-1000mz_msms17_standard.mzML	Carbamidomethyl (C)	Oxidation (M)	Data-Dependent Acquisition	label free sample	5	ppm	0.02	Da	HCD	unspecific cleavage
/mnt/daicx/pvc-afbfaa68-aa52-416c-b273-64fb016fd745/PXD019463/161115_AM_AUT01-DN13_Liver_Tue39L243_10_DDA_2_400-1000mz_msms18_standard.raw	161115_AM_AUT01-DN13_Liver_Tue39L243_10_DDA_2_400-1000mz_msms18_standard.mzML	Carbamidomethyl (C)	Oxidation (M)	Data-Dependent Acquisition	label free sample	5	ppm	0.02	Da	HCD	unspecific cleavage
/mnt/daicx/pvc-afbfaa68-aa52-416c-b273-64fb016fd745/PXD019463/161115_AM_AUT01-DN13_Liver_Tue39L243_10_DDA_3_400-1000mz_msms19_standard.raw	161115_AM_AUT01-DN13_Liver_Tue39L243_10_DDA_3_400-1000mz_msms19_standard.mzML	Carbamidomethyl (C)	Oxidation (M)	Data-Dependent Acquisition	label free sample	5	ppm	0.02	Da	HCD	unspecific cleavage
/mnt/daicx/pvc-afbfaa68-aa52-416c-b273-64fb016fd745/PXD019463/161104_AM_AUT01-DN08_Cerebellum_Tue39L243_10_DDA_1_400-1000mz_msms4_standard.raw	161104_AM_AUT01-DN08_Cerebellum_Tue39L243_10_DDA_1_400-1000mz_msms4_standard.mzML	Carbamidomethyl (C)	Oxidation (M)	Data-Dependent Acquisition	label free sample	5	ppm	0.02	Da	HCD	unspecific cleavage
/mnt/daicx/pvc-afbfaa68-aa52-416c-b273-64fb016fd745/PXD019463/161104_AM_AUT01-DN08_Cerebellum_Tue39L243_10_DDA_2_400-1000mz_msms5_standard.raw	161104_AM_AUT01-DN08_Cerebellum_Tue39L243_10_DDA_2_400-1000mz_msms5_standard.mzML	Carbamidomethyl (C)	Oxidation (M)	Data-Dependent Acquisition	label free sample	5	ppm	0.02	Da	HCD	unspecific cleavage
/mnt/daicx/pvc-afbfaa68-aa52-416c-b273-64fb016fd745/PXD019463/161104_AM_AUT01-DN08_Cerebellum_Tue39L243_10_DDA_3_400-1000mz_msms6_standard.raw	161104_AM_AUT01-DN08_Cerebellum_Tue39L243_10_DDA_3_400-1000mz_msms6_standard.mzML	Carbamidomethyl (C)	Oxidation (M)	Data-Dependent Acquisition	label free sample	5	ppm	0.02	Da	HCD	unspecific cleavage
/mnt/daicx/pvc-afbfaa68-aa52-416c-b273-64fb016fd745/PXD019463/180103_AM_AUT01-DN11_Skin_Tue39L243_10_DDA_1_400-1000mz_msms10_standard.raw	180103_AM_AUT01-DN11_Skin_Tue39L243_10_DDA_1_400-1000mz_msms10_standard.mzML	Carbamidomethyl (C)	Oxidation (M)	Data-Dependent Acquisition	label free sample	5	ppm	0.02	Da	HCD	unspecific cleavage
/mnt/daicx/pvc-afbfaa68-aa52-416c-b273-64fb016fd745/PXD019463/180103_AM_AUT01-DN11_Skin_Tue39L243_10_DDA_2_400-1000mz_msms11_standard.raw	180103_AM_AUT01-DN11_Skin_Tue39L243_10_DDA_2_400-1000mz_msms11_standard.mzML	Carbamidomethyl (C)	Oxidation (M)	Data-Dependent Acquisition	label free sample	5	ppm	0.02	Da	HCD	unspecific cleavage
/mnt/daicx/pvc-afbfaa68-aa52-416c-b273-64fb016fd745/PXD019463/180103_AM_AUT01-DN11_Skin_Tue39L243_10_DDA_3_400-1000mz_msms12_standard.raw	180103_AM_AUT01-DN11_Skin_Tue39L243_10_DDA_3_400-1000mz_msms12_standard.mzML	Carbamidomethyl (C)	Oxidation (M)	Data-Dependent Acquisition	label free sample	5	ppm	0.02	Da	HCD	unspecific cleavage
/mnt/daicx/pvc-afbfaa68-aa52-416c-b273-64fb016fd745/PXD019463/180925_AM_AUT01-DN03_Spleen_Tue39L243_NA_DDA_1_400-1000mz_msms8_Refill.raw	180925_AM_AUT01-DN03_Spleen_Tue39L243_NA_DDA_1_400-1000mz_msms8_Refill.mzML	Carbamidomethyl (C)	Oxidation (M)	Data-Dependent Acquisition	label free sample	5	ppm	0.02	Da	HCD	unspecific cleavage
/mnt/daicx/pvc-afbfaa68-aa52-416c-b273-64fb016fd745/PXD019463/180925_AM_AUT01-DN03_Spleen_Tue39L243_NA_DDA_2_400-1000mz_msms9_Refill.raw	180925_AM_AUT01-DN03_Spleen_Tue39L243_NA_DDA_2_400-1000mz_msms9_Refill.mzML	Carbamidomethyl (C)	Oxidation (M)	Data-Dependent Acquisition	label free sample	5	ppm	0.02	Da	HCD	unspecific cleavage
/mnt/daicx/pvc-afbfaa68-aa52-416c-b273-64fb016fd745/PXD019463/180925_AM_AUT01-DN03_Spleen_Tue39L243_NA_DDA_3_400-1000mz_msms10_Refill.raw	180925_AM_AUT01-DN03_Spleen_Tue39L243_NA_DDA_3_400-1000mz_msms10_Refill.mzML	Carbamidomethyl (C)	Oxidation (M)	Data-Dependent Acquisition	label free sample	5	ppm	0.02	Da	HCD	unspecific cleavage
/mnt/daicx/pvc-afbfaa68-aa52-416c-b273-64fb016fd745/PXD019463/160711_AM_AUT01-DN08_BoneMarrow_Tue39L243_20_DDA_1_400-1000mz_msms25_standard.raw	160711_AM_AUT01-DN08_BoneMarrow_Tue39L243_20_DDA_1_400-1000mz_msms25_standard.mzML	Carbamidomethyl (C)	Oxidation (M)	Data-Dependent Acquisition	label free sample	5	ppm	0.02	Da	HCD	unspecific cleavage
/mnt/daicx/pvc-afbfaa68-aa52-416c-b273-64fb016fd745/PXD019463/160711_AM_AUT01-DN08_BoneMarrow_Tue39L243_20_DDA_2_400-1000mz_msms26_standard.raw	160711_AM_AUT01-DN08_BoneMarrow_Tue39L243_20_DDA_2_400-1000mz_msms26_standard.mzML	Carbamidomethyl (C)	Oxidation (M)	Data-Dependent Acquisition	label free sample	5	ppm	0.02	Da	HCD	unspecific cleavage
/mnt/daicx/pvc-afbfaa68-aa52-416c-b273-64fb016fd745/PXD019463/160711_AM_AUT01-DN08_BoneMarrow_Tue39L243_20_DDA_3_400-1000mz_msms27_standard.raw	160711_AM_AUT01-DN08_BoneMarrow_Tue39L243_20_DDA_3_400-1000mz_msms27_standard.mzML	Carbamidomethyl (C)	Oxidation (M)	Data-Dependent Acquisition	label free sample	5	ppm	0.02	Da	HCD	unspecific cleavage
/mnt/daicx/pvc-afbfaa68-aa52-416c-b273-64fb016fd745/PXD019463/171107_AM_AUT01-DN11_LymphNode_Tue39L243_10_DDA_1_400-1000mz_msms1_standard.raw	171107_AM_AUT01-DN11_LymphNode_Tue39L243_10_DDA_1_400-1000mz_msms1_standard.mzML	Carbamidomethyl (C)	Oxidation (M)	Data-Dependent Acquisition	label free sample	5	ppm	0.02	Da	HCD	unspecific cleavage
/mnt/daicx/pvc-afbfaa68-aa52-416c-b273-64fb016fd745/PXD019463/171107_AM_AUT01-DN11_LymphNode_Tue39L243_10_DDA_2_400-1000mz_msms2_standard.raw	171107_AM_AUT01-DN11_LymphNode_Tue39L243_10_DDA_2_400-1000mz_msms2_standard.mzML	Carbamidomethyl (C)	Oxidation (M)	Data-Dependent Acquisition	label free sample	5	ppm	0.02	Da	HCD	unspecific cleavage
/mnt/daicx/pvc-afbfaa68-aa52-416c-b273-64fb016fd745/PXD019463/171107_AM_AUT01-DN11_LymphNode_Tue39L243_10_DDA_3_400-1000mz_msms3_standard.raw	171107_AM_AUT01-DN11_LymphNode_Tue39L243_10_DDA_3_400-1000mz_msms3_standard.mzML	Carbamidomethyl (C)	Oxidation (M)	Data-Dependent Acquisition	label free sample	5	ppm	0.02	Da	HCD	unspecific cleavage
/mnt/daicx/pvc-afbfaa68-aa52-416c-b273-64fb016fd745/PXD019463/191205_AMLM_THY01-DN3_Thymus_Tue39L243_10_DDA_1_400-1000mz_msms18_standard.raw	191205_AMLM_THY01-DN3_Thymus_Tue39L243_10_DDA_1_400-1000mz_msms18_standard.mzML	Carbamidomethyl (C)	Oxidation (M)	Data-Dependent Acquisition	label free sample	5	ppm	0.02	Da	HCD	unspecific cleavage
/mnt/daicx/pvc-afbfaa68-aa52-416c-b273-64fb016fd745/PXD019463/191205_AMLM_THY01-DN3_Thymus_Tue39L243_10_DDA_2_400-1000mz_msms19_standard.raw	191205_AMLM_THY01-DN3_Thymus_Tue39L243_10_DDA_2_400-1000mz_msms19_standard.mzML	Carbamidomethyl (C)	Oxidation (M)	Data-Dependent Acquisition	label free sample	5	ppm	0.02	Da	HCD	unspecific cleavage
/mnt/daicx/pvc-afbfaa68-aa52-416c-b273-64fb016fd745/PXD019463/191205_AMLM_THY01-DN3_Thymus_Tue39L243_10_DDA_3_400-1000mz_msms20_standard.raw	191205_AMLM_THY01-DN3_Thymus_Tue39L243_10_DDA_3_400-1000mz_msms20_standard.mzML	Carbamidomethyl (C)	Oxidation (M)	Data-Dependent Acquisition	label free sample	5	ppm	0.02	Da	HCD	unspecific cleavage
/mnt/daicx/pvc-afbfaa68-aa52-416c-b273-64fb016fd745/PXD019463/180425_AM_AUT01-DN09_Bladder_Tue39L243_10_DDA_1_400-1000mz_msms37_standard.raw	180425_AM_AUT01-DN09_Bladder_Tue39L243_10_DDA_1_400-1000mz_msms37_standard.mzML	Carbamidomethyl (C)	Oxidation (M)	Data-Dependent Acquisition	label free sample	5	ppm	0.02	Da	HCD	unspecific cleavage
/mnt/daicx/pvc-afbfaa68-aa52-416c-b273-64fb016fd745/PXD019463/180425_AM_AUT01-DN09_Bladder_Tue39L243_10_DDA_2_400-1000mz_msms38_standard.raw	180425_AM_AUT01-DN09_Bladder_Tue39L243_10_DDA_2_400-1000mz_msms38_standard.mzML	Carbamidomethyl (C)	Oxidation (M)	Data-Dependent Acquisition	label free sample	5	ppm	0.02	Da	HCD	unspecific cleavage
/mnt/daicx/pvc-afbfaa68-aa52-416c-b273-64fb016fd745/PXD019463/180425_AM_AUT01-DN09_Bladder_Tue39L243_10_DDA_3_400-1000mz_msms39_standard.raw	180425_AM_AUT01-DN09_Bladder_Tue39L243_10_DDA_3_400-1000mz_msms39_standard.mzML	Carbamidomethyl (C)	Oxidation (M)	Data-Dependent Acquisition	label free sample	5	ppm	0.02	Da	HCD	unspecific cleavage
/mnt/daicx/pvc-afbfaa68-aa52-416c-b273-64fb016fd745/PXD019463/161225_AM_AUT01-DN09_Heart_Tue39L243_10_DDA_1_400-1000mz_msms1_standard.raw	161225_AM_AUT01-DN09_Heart_Tue39L243_10_DDA_1_400-1000mz_msms1_standard.mzML	Carbamidomethyl (C)	Oxidation (M)	Data-Dependent Acquisition	label free sample	5	ppm	0.02	Da	HCD	unspecific cleavage
/mnt/daicx/pvc-afbfaa68-aa52-416c-b273-64fb016fd745/PXD019463/161225_AM_AUT01-DN09_Heart_Tue39L243_10_DDA_2_400-1000mz_msms2_standard.raw	161225_AM_AUT01-DN09_Heart_Tue39L243_10_DDA_2_400-1000mz_msms2_standard.mzML	Carbamidomethyl (C)	Oxidation (M)	Data-Dependent Acquisition	label free sample	5	ppm	0.02	Da	HCD	unspecific cleavage
/mnt/daicx/pvc-afbfaa68-aa52-416c-b273-64fb016fd745/PXD019463/161225_AM_AUT01-DN09_Heart_Tue39L243_10_DDA_3_400-1000mz_msms3_standard.raw	161225_AM_AUT01-DN09_Heart_Tue39L243_10_DDA_3_400-1000mz_msms3_standard.mzML	Carbamidomethyl (C)	Oxidation (M)	Data-Dependent Acquisition	label free sample	5	ppm	0.02	Da	HCD	unspecific cleavage
/mnt/daicx/pvc-afbfaa68-aa52-416c-b273-64fb016fd745/PXD019463/160806_AM_AUT01-DN04_Kidney_Tue39L243_10_DDA_1_400-1000mz_msms52_standard.raw	160806_AM_AUT01-DN04_Kidney_Tue39L243_10_DDA_1_400-1000mz_msms52_standard.mzML	Carbamidomethyl (C)	Oxidation (M)	Data-Dependent Acquisition	label free sample	5	ppm	0.02	Da	HCD	unspecific cleavage
/mnt/daicx/pvc-afbfaa68-aa52-416c-b273-64fb016fd745/PXD019463/160806_AM_AUT01-DN04_Kidney_Tue39L243_10_DDA_2new_400-1000mz_msms57_standard.raw	160806_AM_AUT01-DN04_Kidney_Tue39L243_10_DDA_2new_400-1000mz_msms57_standard.mzML	Carbamidomethyl (C)	Oxidation (M)	Data-Dependent Acquisition	label free sample	5	ppm	0.02	Da	HCD	unspecific cleavage
/mnt/daicx/pvc-afbfaa68-aa52-416c-b273-64fb016fd745/PXD019463/160806_AM_AUT01-DN04_Kidney_Tue39L243_10_DDA_3new_400-1000mz_msms58_standard.raw	160806_AM_AUT01-DN04_Kidney_Tue39L243_10_DDA_3new_400-1000mz_msms58_standard.mzML	Carbamidomethyl (C)	Oxidation (M)	Data-Dependent Acquisition	label free sample	5	ppm	0.02	Da	HCD	unspecific cleavage
/mnt/daicx/pvc-afbfaa68-aa52-416c-b273-64fb016fd745/PXD019463/160818_AM_AUT01-DN04_Liver_Tue39L243_10_DDA_1_400-1000mz_msms10_standard.raw	160818_AM_AUT01-DN04_Liver_Tue39L243_10_DDA_1_400-1000mz_msms10_standard.mzML	Carbamidomethyl (C)	Oxidation (M)	Data-Dependent Acquisition	label free sample	5	ppm	0.02	Da	HCD	unspecific cleavage
/mnt/daicx/pvc-afbfaa68-aa52-416c-b273-64fb016fd745/PXD019463/160818_AM_AUT01-DN04_Liver_Tue39L243_10_DDA_2_400-1000mz_msms11_standard.raw	160818_AM_AUT01-DN04_Liver_Tue39L243_10_DDA_2_400-1000mz_msms11_standard.mzML	Carbamidomethyl (C)	Oxidation (M)	Data-Dependent Acquisition	label free sample	5	ppm	0.02	Da	HCD	unspecific cleavage
/mnt/daicx/pvc-afbfaa68-aa52-416c-b273-64fb016fd745/PXD019463/160818_AM_AUT01-DN04_Liver_Tue39L243_10_DDA_3_400-1000mz_msms12_standard.raw	160818_AM_AUT01-DN04_Liver_Tue39L243_10_DDA_3_400-1000mz_msms12_standard.mzML	Carbamidomethyl (C)	Oxidation (M)	Data-Dependent Acquisition	label free sample	5	ppm	0.02	Da	HCD	unspecific cleavage
/mnt/daicx/pvc-afbfaa68-aa52-416c-b273-64fb016fd745/PXD019463/170814_AM_AUT01-DN15_Brain_Tue39L243_10_DDA_1_400-1000mz_msms7_standard.raw	170814_AM_AUT01-DN15_Brain_Tue39L243_10_DDA_1_400-1000mz_msms7_standard.mzML	Carbamidomethyl (C)	Oxidation (M)	Data-Dependent Acquisition	label free sample	5	ppm	0.02	Da	HCD	unspecific cleavage
/mnt/daicx/pvc-afbfaa68-aa52-416c-b273-64fb016fd745/PXD019463/170814_AM_AUT01-DN15_Brain_Tue39L243_10_DDA_2_400-1000mz_msms8_standard.raw	170814_AM_AUT01-DN15_Brain_Tue39L243_10_DDA_2_400-1000mz_msms8_standard.mzML	Carbamidomethyl (C)	Oxidation (M)	Data-Dependent Acquisition	label free sample	5	ppm	0.02	Da	HCD	unspecific cleavage
/mnt/daicx/pvc-afbfaa68-aa52-416c-b273-64fb016fd745/PXD019463/170814_AM_AUT01-DN15_Brain_Tue39L243_10_DDA_3_400-1000mz_msms9_standard.raw	170814_AM_AUT01-DN15_Brain_Tue39L243_10_DDA_3_400-1000mz_msms9_standard.mzML	Carbamidomethyl (C)	Oxidation (M)	Data-Dependent Acquisition	label free sample	5	ppm	0.02	Da	HCD	unspecific cleavage
/mnt/daicx/pvc-afbfaa68-aa52-416c-b273-64fb016fd745/PXD019463/170418_AM_AUT01-DN11_BoneMarrow_Tue39L243_10_DDA_1_400-1000mz_msms7_standard.raw	170418_AM_AUT01-DN11_BoneMarrow_Tue39L243_10_DDA_1_400-1000mz_msms7_standard.mzML	Carbamidomethyl (C)	Oxidation (M)	Data-Dependent Acquisition	label free sample	5	ppm	0.02	Da	HCD	unspecific cleavage
/mnt/daicx/pvc-afbfaa68-aa52-416c-b273-64fb016fd745/PXD019463/170418_AM_AUT01-DN11_BoneMarrow_Tue39L243_10_DDA_2_400-1000mz_msms8_standard.raw	170418_AM_AUT01-DN11_BoneMarrow_Tue39L243_10_DDA_2_400-1000mz_msms8_standard.mzML	Carbamidomethyl (C)	Oxidation (M)	Data-Dependent Acquisition	label free sample	5	ppm	0.02	Da	HCD	unspecific cleavage
/mnt/daicx/pvc-afbfaa68-aa52-416c-b273-64fb016fd745/PXD019463/170418_AM_AUT01-DN11_BoneMarrow_Tue39L243_10_DDA_3_400-1000mz_msms9_standard.raw	170418_AM_AUT01-DN11_BoneMarrow_Tue39L243_10_DDA_3_400-1000mz_msms9_standard.mzML	Carbamidomethyl (C)	Oxidation (M)	Data-Dependent Acquisition	label free sample	5	ppm	0.02	Da	HCD	unspecific cleavage
/mnt/daicx/pvc-afbfaa68-aa52-416c-b273-64fb016fd745/PXD019463/171006_AM_AUT01-DN17_Tongue_Tue39L243_10_DDA_1_400-1000mz_msms18_standard.raw	171006_AM_AUT01-DN17_Tongue_Tue39L243_10_DDA_1_400-1000mz_msms18_standard.mzML	Carbamidomethyl (C)	Oxidation (M)	Data-Dependent Acquisition	label free sample	5	ppm	0.02	Da	HCD	unspecific cleavage
/mnt/daicx/pvc-afbfaa68-aa52-416c-b273-64fb016fd745/PXD019463/171006_AM_AUT01-DN17_Tongue_Tue39L243_10_DDA_2_400-1000mz_msms19_standard.raw	171006_AM_AUT01-DN17_Tongue_Tue39L243_10_DDA_2_400-1000mz_msms19_standard.mzML	Carbamidomethyl (C)	Oxidation (M)	Data-Dependent Acquisition	label free sample	5	ppm	0.02	Da	HCD	unspecific cleavage
/mnt/daicx/pvc-afbfaa68-aa52-416c-b273-64fb016fd745/PXD019463/171006_AM_AUT01-DN17_Tongue_Tue39L243_10_DDA_3_400-1000mz_msms20_standard.raw	171006_AM_AUT01-DN17_Tongue_Tue39L243_10_DDA_3_400-1000mz_msms20_standard.mzML	Carbamidomethyl (C)	Oxidation (M)	Data-Dependent Acquisition	label free sample	5	ppm	0.02	Da	HCD	unspecific cleavage
/mnt/daicx/pvc-afbfaa68-aa52-416c-b273-64fb016fd745/PXD019463/170817_AM_AUT01-DN12_Skin_Tue39L243_10_DDA_1_400-1000mz_msms7_standard.raw	170817_AM_AUT01-DN12_Skin_Tue39L243_10_DDA_1_400-1000mz_msms7_standard.mzML	Carbamidomethyl (C)	Oxidation (M)	Data-Dependent Acquisition	label free sample	5	ppm	0.02	Da	HCD	unspecific cleavage
/mnt/daicx/pvc-afbfaa68-aa52-416c-b273-64fb016fd745/PXD019463/170817_AM_AUT01-DN12_Skin_Tue39L243_10_DDA_2_400-1000mz_msms8_standard.raw	170817_AM_AUT01-DN12_Skin_Tue39L243_10_DDA_2_400-1000mz_msms8_standard.mzML	Carbamidomethyl (C)	Oxidation (M)	Data-Dependent Acquisition	label free sample	5	ppm	0.02	Da	HCD	unspecific cleavage
/mnt/daicx/pvc-afbfaa68-aa52-416c-b273-64fb016fd745/PXD019463/170817_AM_AUT01-DN12_Skin_Tue39L243_10_DDA_3_400-1000mz_msms9_standard.raw	170817_AM_AUT01-DN12_Skin_Tue39L243_10_DDA_3_400-1000mz_msms9_standard.mzML	Carbamidomethyl (C)	Oxidation (M)	Data-Dependent Acquisition	label free sample	5	ppm	0.02	Da	HCD	unspecific cleavage
/mnt/daicx/pvc-afbfaa68-aa52-416c-b273-64fb016fd745/PXD019463/180425_AM_AUT01-DN12_Pancreas_Tue39L243_10_DDA_1_400-1000mz_msms30_standard.raw	180425_AM_AUT01-DN12_Pancreas_Tue39L243_10_DDA_1_400-1000mz_msms30_standard.mzML	Carbamidomethyl (C)	Oxidation (M)	Data-Dependent Acquisition	label free sample	5	ppm	0.02	Da	HCD	unspecific cleavage
/mnt/daicx/pvc-afbfaa68-aa52-416c-b273-64fb016fd745/PXD019463/180425_AM_AUT01-DN12_Pancreas_Tue39L243_10_DDA_2_400-1000mz_msms31_standard.raw	180425_AM_AUT01-DN12_Pancreas_Tue39L243_10_DDA_2_400-1000mz_msms31_standard.mzML	Carbamidomethyl (C)	Oxidation (M)	Data-Dependent Acquisition	label free sample	5	ppm	0.02	Da	HCD	unspecific cleavage
/mnt/daicx/pvc-afbfaa68-aa52-416c-b273-64fb016fd745/PXD019463/180425_AM_AUT01-DN12_Pancreas_Tue39L243_10_DDA_3_400-1000mz_msms32_standard.raw	180425_AM_AUT01-DN12_Pancreas_Tue39L243_10_DDA_3_400-1000mz_msms32_standard.mzML	Carbamidomethyl (C)	Oxidation (M)	Data-Dependent Acquisition	label free sample	5	ppm	0.02	Da	HCD	unspecific cleavage
/mnt/daicx/pvc-afbfaa68-aa52-416c-b273-64fb016fd745/PXD019463/171124_AM_AUT01-DN11_Colon_Tue39L243_10_DDA_1new_400-1000mz_msms32_standard.raw	171124_AM_AUT01-DN11_Colon_Tue39L243_10_DDA_1new_400-1000mz_msms32_standard.mzML	Carbamidomethyl (C)	Oxidation (M)	Data-Dependent Acquisition	label free sample	5	ppm	0.02	Da	HCD	unspecific cleavage
/mnt/daicx/pvc-afbfaa68-aa52-416c-b273-64fb016fd745/PXD019463/171124_AM_AUT01-DN11_Colon_Tue39L243_10_DDA_2_400-1000mz_msms28_standard.raw	171124_AM_AUT01-DN11_Colon_Tue39L243_10_DDA_2_400-1000mz_msms28_standard.mzML	Carbamidomethyl (C)	Oxidation (M)	Data-Dependent Acquisition	label free sample	5	ppm	0.02	Da	HCD	unspecific cleavage
/mnt/daicx/pvc-afbfaa68-aa52-416c-b273-64fb016fd745/PXD019463/171124_AM_AUT01-DN11_Colon_Tue39L243_10_DDA_3_400-1000mz_msms29_standard.raw	171124_AM_AUT01-DN11_Colon_Tue39L243_10_DDA_3_400-1000mz_msms29_standard.mzML	Carbamidomethyl (C)	Oxidation (M)	Data-Dependent Acquisition	label free sample	5	ppm	0.02	Da	HCD	unspecific cleavage
/mnt/daicx/pvc-afbfaa68-aa52-416c-b273-64fb016fd745/PXD019463/160711_AM_AUT01-DN08_Lung_Tue39L243_20_DDA_1_400-1000mz_msms19_standard.raw	160711_AM_AUT01-DN08_Lung_Tue39L243_20_DDA_1_400-1000mz_msms19_standard.mzML	Carbamidomethyl (C)	Oxidation (M)	Data-Dependent Acquisition	label free sample	5	ppm	0.02	Da	HCD	unspecific cleavage
/mnt/daicx/pvc-afbfaa68-aa52-416c-b273-64fb016fd745/PXD019463/160711_AM_AUT01-DN08_Lung_Tue39L243_20_DDA_2_400-1000mz_msms20_standard.raw	160711_AM_AUT01-DN08_Lung_Tue39L243_20_DDA_2_400-1000mz_msms20_standard.mzML	Carbamidomethyl (C)	Oxidation (M)	Data-Dependent Acquisition	label free sample	5	ppm	0.02	Da	HCD	unspecific cleavage
/mnt/daicx/pvc-afbfaa68-aa52-416c-b273-64fb016fd745/PXD019463/160711_AM_AUT01-DN08_Lung_Tue39L243_20_DDA_3_400-1000mz_msms21_standard.raw	160711_AM_AUT01-DN08_Lung_Tue39L243_20_DDA_3_400-1000mz_msms21_standard.mzML	Carbamidomethyl (C)	Oxidation (M)	Data-Dependent Acquisition	label free sample	5	ppm	0.02	Da	HCD	unspecific cleavage
/mnt/daicx/pvc-afbfaa68-aa52-416c-b273-64fb016fd745/PXD019463/160607_DK_AUT01-DN08_LymphNode_Tue39L243_20_DDA_1_400-1000mz_msms10_standard.raw	160607_DK_AUT01-DN08_LymphNode_Tue39L243_20_DDA_1_400-1000mz_msms10_standard.mzML	Carbamidomethyl (C)	Oxidation (M)	Data-Dependent Acquisition	label free sample	5	ppm	0.02	Da	HCD	unspecific cleavage
/mnt/daicx/pvc-afbfaa68-aa52-416c-b273-64fb016fd745/PXD019463/160608_DK_AUT01-DN08_LymphNode_Tue39L243_20_DDA_2_400-1000mz_msmsX7_standard.raw	160608_DK_AUT01-DN08_LymphNode_Tue39L243_20_DDA_2_400-1000mz_msmsX7_standard.mzML	Carbamidomethyl (C)	Oxidation (M)	Data-Dependent Acquisition	label free sample	5	ppm	0.02	Da	HCD	unspecific cleavage
/mnt/daicx/pvc-afbfaa68-aa52-416c-b273-64fb016fd745/PXD019463/160608_DK_AUT01-DN08_LymphNode_Tue39L243_20_DDA_3_400-1000mz_msmsX8_standard.raw	160608_DK_AUT01-DN08_LymphNode_Tue39L243_20_DDA_3_400-1000mz_msmsX8_standard.mzML	Carbamidomethyl (C)	Oxidation (M)	Data-Dependent Acquisition	label free sample	5	ppm	0.02	Da	HCD	unspecific cleavage
/mnt/daicx/pvc-afbfaa68-aa52-416c-b273-64fb016fd745/PXD019463/160806_AM_AUT01-DN05_Kidney_Tue39L243_10_DDA_1_400-1000mz_msms28_standard.raw	160806_AM_AUT01-DN05_Kidney_Tue39L243_10_DDA_1_400-1000mz_msms28_standard.mzML	Carbamidomethyl (C)	Oxidation (M)	Data-Dependent Acquisition	label free sample	5	ppm	0.02	Da	HCD	unspecific cleavage
/mnt/daicx/pvc-afbfaa68-aa52-416c-b273-64fb016fd745/PXD019463/160806_AM_AUT01-DN05_Kidney_Tue39L243_10_DDA_2_400-1000mz_msms29_standard.raw	160806_AM_AUT01-DN05_Kidney_Tue39L243_10_DDA_2_400-1000mz_msms29_standard.mzML	Carbamidomethyl (C)	Oxidation (M)	Data-Dependent Acquisition	label free sample	5	ppm	0.02	Da	HCD	unspecific cleavage
/mnt/daicx/pvc-afbfaa68-aa52-416c-b273-64fb016fd745/PXD019463/160806_AM_AUT01-DN05_Kidney_Tue39L243_10_DDA_3_400-1000mz_msms30_standard.raw	160806_AM_AUT01-DN05_Kidney_Tue39L243_10_DDA_3_400-1000mz_msms30_standard.mzML	Carbamidomethyl (C)	Oxidation (M)	Data-Dependent Acquisition	label free sample	5	ppm	0.02	Da	HCD	unspecific cleavage
/mnt/daicx/pvc-afbfaa68-aa52-416c-b273-64fb016fd745/PXD019463/180108_AM_AUT01-DN17_Trachea_Tue39L243_10_DDA_1_400-1000mz_msms28_standard.raw	180108_AM_AUT01-DN17_Trachea_Tue39L243_10_DDA_1_400-1000mz_msms28_standard.mzML	Carbamidomethyl (C)	Oxidation (M)	Data-Dependent Acquisition	label free sample	5	ppm	0.02	Da	HCD	unspecific cleavage
/mnt/daicx/pvc-afbfaa68-aa52-416c-b273-64fb016fd745/PXD019463/180108_AM_AUT01-DN17_Trachea_Tue39L243_10_DDA_2_400-1000mz_msms29_standard.raw	180108_AM_AUT01-DN17_Trachea_Tue39L243_10_DDA_2_400-1000mz_msms29_standard.mzML	Carbamidomethyl (C)	Oxidation (M)	Data-Dependent Acquisition	label free sample	5	ppm	0.02	Da	HCD	unspecific cleavage
/mnt/daicx/pvc-afbfaa68-aa52-416c-b273-64fb016fd745/PXD019463/180108_AM_AUT01-DN17_Trachea_Tue39L243_10_DDA_3_400-1000mz_msms30_standard.raw	180108_AM_AUT01-DN17_Trachea_Tue39L243_10_DDA_3_400-1000mz_msms30_standard.mzML	Carbamidomethyl (C)	Oxidation (M)	Data-Dependent Acquisition	label free sample	5	ppm	0.02	Da	HCD	unspecific cleavage
/mnt/daicx/pvc-afbfaa68-aa52-416c-b273-64fb016fd745/PXD019463/170729_AM_AUT01-DN14_Pancreas_Tue39L243_10_DDA_1_400-1000mz_msms8_standard.raw	170729_AM_AUT01-DN14_Pancreas_Tue39L243_10_DDA_1_400-1000mz_msms8_standard.mzML	Carbamidomethyl (C)	Oxidation (M)	Data-Dependent Acquisition	label free sample	5	ppm	0.02	Da	HCD	unspecific cleavage
/mnt/daicx/pvc-afbfaa68-aa52-416c-b273-64fb016fd745/PXD019463/170729_AM_AUT01-DN14_Pancreas_Tue39L243_10_DDA_2_400-1000mz_msms9_standard.raw	170729_AM_AUT01-DN14_Pancreas_Tue39L243_10_DDA_2_400-1000mz_msms9_standard.mzML	Carbamidomethyl (C)	Oxidation (M)	Data-Dependent Acquisition	label free sample	5	ppm	0.02	Da	HCD	unspecific cleavage
/mnt/daicx/pvc-afbfaa68-aa52-416c-b273-64fb016fd745/PXD019463/170729_AM_AUT01-DN14_Pancreas_Tue39L243_10_DDA_3_400-1000mz_msms10_standard.raw	170729_AM_AUT01-DN14_Pancreas_Tue39L243_10_DDA_3_400-1000mz_msms10_standard.mzML	Carbamidomethyl (C)	Oxidation (M)	Data-Dependent Acquisition	label free sample	5	ppm	0.02	Da	HCD	unspecific cleavage
/mnt/daicx/pvc-afbfaa68-aa52-416c-b273-64fb016fd745/PXD019463/161212_AM_AUT01-DN06_Heart_Tue39L243_10_DDA_1_400-1000mz_msms20_standard.raw	161212_AM_AUT01-DN06_Heart_Tue39L243_10_DDA_1_400-1000mz_msms20_standard.mzML	Carbamidomethyl (C)	Oxidation (M)	Data-Dependent Acquisition	label free sample	5	ppm	0.02	Da	HCD	unspecific cleavage
/mnt/daicx/pvc-afbfaa68-aa52-416c-b273-64fb016fd745/PXD019463/161212_AM_AUT01-DN06_Heart_Tue39L243_10_DDA_2_400-1000mz_msms21_standard.raw	161212_AM_AUT01-DN06_Heart_Tue39L243_10_DDA_2_400-1000mz_msms21_standard.mzML	Carbamidomethyl (C)	Oxidation (M)	Data-Dependent Acquisition	label free sample	5	ppm	0.02	Da	HCD	unspecific cleavage
/mnt/daicx/pvc-afbfaa68-aa52-416c-b273-64fb016fd745/PXD019463/161212_AM_AUT01-DN06_Heart_Tue39L243_10_DDA_3_400-1000mz_msms22_standard.raw	161212_AM_AUT01-DN06_Heart_Tue39L243_10_DDA_3_400-1000mz_msms22_standard.mzML	Carbamidomethyl (C)	Oxidation (M)	Data-Dependent Acquisition	label free sample	5	ppm	0.02	Da	HCD	unspecific cleavage
/mnt/daicx/pvc-afbfaa68-aa52-416c-b273-64fb016fd745/PXD019463/171107_AM_AUT01-DN11_Spleen_Tue39L243_10_DDA_1_400-1000mz_msms13_standard.raw	171107_AM_AUT01-DN11_Spleen_Tue39L243_10_DDA_1_400-1000mz_msms13_standard.mzML	Carbamidomethyl (C)	Oxidation (M)	Data-Dependent Acquisition	label free sample	5	ppm	0.02	Da	HCD	unspecific cleavage
/mnt/daicx/pvc-afbfaa68-aa52-416c-b273-64fb016fd745/PXD019463/171107_AM_AUT01-DN11_Spleen_Tue39L243_10_DDA_2_400-1000mz_msms14_standard.raw	171107_AM_AUT01-DN11_Spleen_Tue39L243_10_DDA_2_400-1000mz_msms14_standard.mzML	Carbamidomethyl (C)	Oxidation (M)	Data-Dependent Acquisition	label free sample	5	ppm	0.02	Da	HCD	unspecific cleavage
/mnt/daicx/pvc-afbfaa68-aa52-416c-b273-64fb016fd745/PXD019463/171107_AM_AUT01-DN11_Spleen_Tue39L243_10_DDA_3_400-1000mz_msms15_standard.raw	171107_AM_AUT01-DN11_Spleen_Tue39L243_10_DDA_3_400-1000mz_msms15_standard.mzML	Carbamidomethyl (C)	Oxidation (M)	Data-Dependent Acquisition	label free sample	5	ppm	0.02	Da	HCD	unspecific cleavage
/mnt/daicx/pvc-afbfaa68-aa52-416c-b273-64fb016fd745/PXD019463/171021_AM_AUT01-DN17_Kidney_Tue39L243_10_DDA_1_400-1000mz_msms6_standard.raw	171021_AM_AUT01-DN17_Kidney_Tue39L243_10_DDA_1_400-1000mz_msms6_standard.mzML	Carbamidomethyl (C)	Oxidation (M)	Data-Dependent Acquisition	label free sample	5	ppm	0.02	Da	HCD	unspecific cleavage
/mnt/daicx/pvc-afbfaa68-aa52-416c-b273-64fb016fd745/PXD019463/171021_AM_AUT01-DN17_Kidney_Tue39L243_10_DDA_2_400-1000mz_msms7_standard.raw	171021_AM_AUT01-DN17_Kidney_Tue39L243_10_DDA_2_400-1000mz_msms7_standard.mzML	Carbamidomethyl (C)	Oxidation (M)	Data-Dependent Acquisition	label free sample	5	ppm	0.02	Da	HCD	unspecific cleavage
/mnt/daicx/pvc-afbfaa68-aa52-416c-b273-64fb016fd745/PXD019463/171021_AM_AUT01-DN17_Kidney_Tue39L243_10_DDA_3_400-1000mz_msms8_standard.raw	171021_AM_AUT01-DN17_Kidney_Tue39L243_10_DDA_3_400-1000mz_msms8_standard.mzML	Carbamidomethyl (C)	Oxidation (M)	Data-Dependent Acquisition	label free sample	5	ppm	0.02	Da	HCD	unspecific cleavage
/mnt/daicx/pvc-afbfaa68-aa52-416c-b273-64fb016fd745/PXD019463/161030_AM_AUT01-DN13_Stomach_Tue39L243_10_DDA_1_400-1000mz_msms7_Fundus.raw	161030_AM_AUT01-DN13_Stomach_Tue39L243_10_DDA_1_400-1000mz_msms7_Fundus.mzML	Carbamidomethyl (C)	Oxidation (M)	Data-Dependent Acquisition	label free sample	5	ppm	0.02	Da	HCD	unspecific cleavage
/mnt/daicx/pvc-afbfaa68-aa52-416c-b273-64fb016fd745/PXD019463/161030_AM_AUT01-DN13_Stomach_Tue39L243_10_DDA_2_400-1000mz_msms8_Fundus.raw	161030_AM_AUT01-DN13_Stomach_Tue39L243_10_DDA_2_400-1000mz_msms8_Fundus.mzML	Carbamidomethyl (C)	Oxidation (M)	Data-Dependent Acquisition	label free sample	5	ppm	0.02	Da	HCD	unspecific cleavage
/mnt/daicx/pvc-afbfaa68-aa52-416c-b273-64fb016fd745/PXD019463/161030_AM_AUT01-DN13_Stomach_Tue39L243_10_DDA_3_400-1000mz_msms9_Fundus.raw	161030_AM_AUT01-DN13_Stomach_Tue39L243_10_DDA_3_400-1000mz_msms9_Fundus.mzML	Carbamidomethyl (C)	Oxidation (M)	Data-Dependent Acquisition	label free sample	5	ppm	0.02	Da	HCD	unspecific cleavage
/mnt/daicx/pvc-afbfaa68-aa52-416c-b273-64fb016fd745/PXD019463/170807_AM_AUT01-DN14_Esophagus_Tue39L243_10_DDA_1_400-1000mz_msms31_standard.raw	170807_AM_AUT01-DN14_Esophagus_Tue39L243_10_DDA_1_400-1000mz_msms31_standard.mzML	Carbamidomethyl (C)	Oxidation (M)	Data-Dependent Acquisition	label free sample	5	ppm	0.02	Da	HCD	unspecific cleavage
/mnt/daicx/pvc-afbfaa68-aa52-416c-b273-64fb016fd745/PXD019463/170807_AM_AUT01-DN14_Esophagus_Tue39L243_10_DDA_2_400-1000mz_msms32_standard.raw	170807_AM_AUT01-DN14_Esophagus_Tue39L243_10_DDA_2_400-1000mz_msms32_standard.mzML	Carbamidomethyl (C)	Oxidation (M)	Data-Dependent Acquisition	label free sample	5	ppm	0.02	Da	HCD	unspecific cleavage
/mnt/daicx/pvc-afbfaa68-aa52-416c-b273-64fb016fd745/PXD019463/170807_AM_AUT01-DN14_Esophagus_Tue39L243_10_DDA_3_400-1000mz_msms33_standard.raw	170807_AM_AUT01-DN14_Esophagus_Tue39L243_10_DDA_3_400-1000mz_msms33_standard.mzML	Carbamidomethyl (C)	Oxidation (M)	Data-Dependent Acquisition	label free sample	5	ppm	0.02	Da	HCD	unspecific cleavage
/mnt/daicx/pvc-afbfaa68-aa52-416c-b273-64fb016fd745/PXD019463/161209_AM_AUT01-DN06_Muscle_Tue39L243_10_DDA_1_400-1000mz_msms4_standard.raw	161209_AM_AUT01-DN06_Muscle_Tue39L243_10_DDA_1_400-1000mz_msms4_standard.mzML	Carbamidomethyl (C)	Oxidation (M)	Data-Dependent Acquisition	label free sample	5	ppm	0.02	Da	HCD	unspecific cleavage
/mnt/daicx/pvc-afbfaa68-aa52-416c-b273-64fb016fd745/PXD019463/161209_AM_AUT01-DN06_Muscle_Tue39L243_10_DDA_2_400-1000mz_msms5_standard.raw	161209_AM_AUT01-DN06_Muscle_Tue39L243_10_DDA_2_400-1000mz_msms5_standard.mzML	Carbamidomethyl (C)	Oxidation (M)	Data-Dependent Acquisition	label free sample	5	ppm	0.02	Da	HCD	unspecific cleavage
/mnt/daicx/pvc-afbfaa68-aa52-416c-b273-64fb016fd745/PXD019463/161209_AM_AUT01-DN06_Muscle_Tue39L243_10_DDA_3_400-1000mz_msms6_standard.raw	161209_AM_AUT01-DN06_Muscle_Tue39L243_10_DDA_3_400-1000mz_msms6_standard.mzML	Carbamidomethyl (C)	Oxidation (M)	Data-Dependent Acquisition	label free sample	5	ppm	0.02	Da	HCD	unspecific cleavage
/mnt/daicx/pvc-afbfaa68-aa52-416c-b273-64fb016fd745/PXD019463/160806_AM_AUT01-DN04_Lung_Tue39L243_10_DDA_1_400-1000mz_msms40_standard.raw	160806_AM_AUT01-DN04_Lung_Tue39L243_10_DDA_1_400-1000mz_msms40_standard.mzML	Carbamidomethyl (C)	Oxidation (M)	Data-Dependent Acquisition	label free sample	5	ppm	0.02	Da	HCD	unspecific cleavage
/mnt/daicx/pvc-afbfaa68-aa52-416c-b273-64fb016fd745/PXD019463/160806_AM_AUT01-DN04_Lung_Tue39L243_10_DDA_2_400-1000mz_msms41_standard.raw	160806_AM_AUT01-DN04_Lung_Tue39L243_10_DDA_2_400-1000mz_msms41_standard.mzML	Carbamidomethyl (C)	Oxidation (M)	Data-Dependent Acquisition	label free sample	5	ppm	0.02	Da	HCD	unspecific cleavage
/mnt/daicx/pvc-afbfaa68-aa52-416c-b273-64fb016fd745/PXD019463/160806_AM_AUT01-DN04_Lung_Tue39L243_10_DDA_3_400-1000mz_msms42_standard.raw	160806_AM_AUT01-DN04_Lung_Tue39L243_10_DDA_3_400-1000mz_msms42_standard.mzML	Carbamidomethyl (C)	Oxidation (M)	Data-Dependent Acquisition	label free sample	5	ppm	0.02	Da	HCD	unspecific cleavage
/mnt/daicx/pvc-afbfaa68-aa52-416c-b273-64fb016fd745/PXD019463/170730_AM_AUT01-DN14_Aorta_Tue39L243_10_DDA_1_400-1000mz_msms7_standard.raw	170730_AM_AUT01-DN14_Aorta_Tue39L243_10_DDA_1_400-1000mz_msms7_standard.mzML	Carbamidomethyl (C)	Oxidation (M)	Data-Dependent Acquisition	label free sample	5	ppm	0.02	Da	HCD	unspecific cleavage
/mnt/daicx/pvc-afbfaa68-aa52-416c-b273-64fb016fd745/PXD019463/170730_AM_AUT01-DN14_Aorta_Tue39L243_10_DDA_2_400-1000mz_msms8_standard.raw	170730_AM_AUT01-DN14_Aorta_Tue39L243_10_DDA_2_400-1000mz_msms8_standard.mzML	Carbamidomethyl (C)	Oxidation (M)	Data-Dependent Acquisition	label free sample	5	ppm	0.02	Da	HCD	unspecific cleavage
/mnt/daicx/pvc-afbfaa68-aa52-416c-b273-64fb016fd745/PXD019463/170730_AM_AUT01-DN14_Aorta_Tue39L243_10_DDA_3_400-1000mz_msms9_standard.raw	170730_AM_AUT01-DN14_Aorta_Tue39L243_10_DDA_3_400-1000mz_msms9_standard.mzML	Carbamidomethyl (C)	Oxidation (M)	Data-Dependent Acquisition	label free sample	5	ppm	0.02	Da	HCD	unspecific cleavage
/mnt/daicx/pvc-afbfaa68-aa52-416c-b273-64fb016fd745/PXD019463/160927_AM_AUT01-DN06_Spleen_Tue39L243_10_DDA_1_400-1000mz_msms7_standard.raw	160927_AM_AUT01-DN06_Spleen_Tue39L243_10_DDA_1_400-1000mz_msms7_standard.mzML	Carbamidomethyl (C)	Oxidation (M)	Data-Dependent Acquisition	label free sample	5	ppm	0.02	Da	HCD	unspecific cleavage
/mnt/daicx/pvc-afbfaa68-aa52-416c-b273-64fb016fd745/PXD019463/160927_AM_AUT01-DN06_Spleen_Tue39L243_10_DDA_2_400-1000mz_msms8_standard.raw	160927_AM_AUT01-DN06_Spleen_Tue39L243_10_DDA_2_400-1000mz_msms8_standard.mzML	Carbamidomethyl (C)	Oxidation (M)	Data-Dependent Acquisition	label free sample	5	ppm	0.02	Da	HCD	unspecific cleavage
/mnt/daicx/pvc-afbfaa68-aa52-416c-b273-64fb016fd745/PXD019463/160927_AM_AUT01-DN06_Spleen_Tue39L243_10_DDA_3_400-1000mz_msms9_standard.raw	160927_AM_AUT01-DN06_Spleen_Tue39L243_10_DDA_3_400-1000mz_msms9_standard.mzML	Carbamidomethyl (C)	Oxidation (M)	Data-Dependent Acquisition	label free sample	5	ppm	0.02	Da	HCD	unspecific cleavage
/mnt/daicx/pvc-afbfaa68-aa52-416c-b273-64fb016fd745/PXD019463/170911_AM_AUT01-DN05_Heart_Tue39L243_10_DDA_1_400-1000mz_msms7_standard.raw	170911_AM_AUT01-DN05_Heart_Tue39L243_10_DDA_1_400-1000mz_msms7_standard.mzML	Carbamidomethyl (C)	Oxidation (M)	Data-Dependent Acquisition	label free sample	5	ppm	0.02	Da	HCD	unspecific cleavage
/mnt/daicx/pvc-afbfaa68-aa52-416c-b273-64fb016fd745/PXD019463/170911_AM_AUT01-DN05_Heart_Tue39L243_10_DDA_2_400-1000mz_msms8_standard.raw	170911_AM_AUT01-DN05_Heart_Tue39L243_10_DDA_2_400-1000mz_msms8_standard.mzML	Carbamidomethyl (C)	Oxidation (M)	Data-Dependent Acquisition	label free sample	5	ppm	0.02	Da	HCD	unspecific cleavage
/mnt/daicx/pvc-afbfaa68-aa52-416c-b273-64fb016fd745/PXD019463/170911_AM_AUT01-DN05_Heart_Tue39L243_10_DDA_3_400-1000mz_msms9_standard.raw	170911_AM_AUT01-DN05_Heart_Tue39L243_10_DDA_3_400-1000mz_msms9_standard.mzML	Carbamidomethyl (C)	Oxidation (M)	Data-Dependent Acquisition	label free sample	5	ppm	0.02	Da	HCD	unspecific cleavage
/mnt/daicx/pvc-afbfaa68-aa52-416c-b273-64fb016fd745/PXD019463/171002_AM_AUT01-DN17_Prostate_Tue39L243_10_DDA_1_400-1000mz_msms22_standard.raw	171002_AM_AUT01-DN17_Prostate_Tue39L243_10_DDA_1_400-1000mz_msms22_standard.mzML	Carbamidomethyl (C)	Oxidation (M)	Data-Dependent Acquisition	label free sample	5	ppm	0.02	Da	HCD	unspecific cleavage
/mnt/daicx/pvc-afbfaa68-aa52-416c-b273-64fb016fd745/PXD019463/171002_AM_AUT01-DN17_Prostate_Tue39L243_10_DDA_2_400-1000mz_msms23_standard.raw	171002_AM_AUT01-DN17_Prostate_Tue39L243_10_DDA_2_400-1000mz_msms23_standard.mzML	Carbamidomethyl (C)	Oxidation (M)	Data-Dependent Acquisition	label free sample	5	ppm	0.02	Da	HCD	unspecific cleavage
/mnt/daicx/pvc-afbfaa68-aa52-416c-b273-64fb016fd745/PXD019463/171006_AM_AUT01-DN17_Prostate_Tue39L243_10_DDA_3_400-1000mz_msms7_standard.raw	171006_AM_AUT01-DN17_Prostate_Tue39L243_10_DDA_3_400-1000mz_msms7_standard.mzML	Carbamidomethyl (C)	Oxidation (M)	Data-Dependent Acquisition	label free sample	5	ppm	0.02	Da	HCD	unspecific cleavage
/mnt/daicx/pvc-afbfaa68-aa52-416c-b273-64fb016fd745/PXD019463/180928_AM_AUT01-DN03_AdrenalGland_Tue39L243_NA_DDA_1_400-1000mz_msms22_Refill.raw	180928_AM_AUT01-DN03_AdrenalGland_Tue39L243_NA_DDA_1_400-1000mz_msms22_Refill.mzML	Carbamidomethyl (C)	Oxidation (M)	Data-Dependent Acquisition	label free sample	5	ppm	0.02	Da	HCD	unspecific cleavage
/mnt/daicx/pvc-afbfaa68-aa52-416c-b273-64fb016fd745/PXD019463/180928_AM_AUT01-DN03_AdrenalGland_Tue39L243_NA_DDA_2_400-1000mz_msms23_Refill.raw	180928_AM_AUT01-DN03_AdrenalGland_Tue39L243_NA_DDA_2_400-1000mz_msms23_Refill.mzML	Carbamidomethyl (C)	Oxidation (M)	Data-Dependent Acquisition	label free sample	5	ppm	0.02	Da	HCD	unspecific cleavage
/mnt/daicx/pvc-afbfaa68-aa52-416c-b273-64fb016fd745/PXD019463/180928_AM_AUT01-DN03_AdrenalGland_Tue39L243_NA_DDA_3_400-1000mz_msms24_Refill.raw	180928_AM_AUT01-DN03_AdrenalGland_Tue39L243_NA_DDA_3_400-1000mz_msms24_Refill.mzML	Carbamidomethyl (C)	Oxidation (M)	Data-Dependent Acquisition	label free sample	5	ppm	0.02	Da	HCD	unspecific cleavage
/mnt/daicx/pvc-afbfaa68-aa52-416c-b273-64fb016fd745/PXD019463/170609_AM_AUT01-DN06_Skin_Tue39L243_10_DDA_1_400-1000mz_msms18_standard.raw	170609_AM_AUT01-DN06_Skin_Tue39L243_10_DDA_1_400-1000mz_msms18_standard.mzML	Carbamidomethyl (C)	Oxidation (M)	Data-Dependent Acquisition	label free sample	5	ppm	0.02	Da	HCD	unspecific cleavage
/mnt/daicx/pvc-afbfaa68-aa52-416c-b273-64fb016fd745/PXD019463/170609_AM_AUT01-DN06_Skin_Tue39L243_10_DDA_2_400-1000mz_msms19_standard.raw	170609_AM_AUT01-DN06_Skin_Tue39L243_10_DDA_2_400-1000mz_msms19_standard.mzML	Carbamidomethyl (C)	Oxidation (M)	Data-Dependent Acquisition	label free sample	5	ppm	0.02	Da	HCD	unspecific cleavage
/mnt/daicx/pvc-afbfaa68-aa52-416c-b273-64fb016fd745/PXD019463/170609_AM_AUT01-DN06_Skin_Tue39L243_10_DDA_3_400-1000mz_msms20_standard.raw	170609_AM_AUT01-DN06_Skin_Tue39L243_10_DDA_3_400-1000mz_msms20_standard.mzML	Carbamidomethyl (C)	Oxidation (M)	Data-Dependent Acquisition	label free sample	5	ppm	0.02	Da	HCD	unspecific cleavage
/mnt/daicx/pvc-afbfaa68-aa52-416c-b273-64fb016fd745/PXD019463/170502_AM_AUT01-DN14_SmallIntestine_Tue39L243_10_DDA_1_400-1000mz_msms19_Jejunum.raw	170502_AM_AUT01-DN14_SmallIntestine_Tue39L243_10_DDA_1_400-1000mz_msms19_Jejunum.mzML	Carbamidomethyl (C)	Oxidation (M)	Data-Dependent Acquisition	label free sample	5	ppm	0.02	Da	HCD	unspecific cleavage
/mnt/daicx/pvc-afbfaa68-aa52-416c-b273-64fb016fd745/PXD019463/170502_AM_AUT01-DN14_SmallIntestine_Tue39L243_10_DDA_2_400-1000mz_msms20_Jejunum.raw	170502_AM_AUT01-DN14_SmallIntestine_Tue39L243_10_DDA_2_400-1000mz_msms20_Jejunum.mzML	Carbamidomethyl (C)	Oxidation (M)	Data-Dependent Acquisition	label free sample	5	ppm	0.02	Da	HCD	unspecific cleavage
/mnt/daicx/pvc-afbfaa68-aa52-416c-b273-64fb016fd745/PXD019463/170502_AM_AUT01-DN14_SmallIntestine_Tue39L243_10_DDA_3_400-1000mz_msms21_Jejunum.raw	170502_AM_AUT01-DN14_SmallIntestine_Tue39L243_10_DDA_3_400-1000mz_msms21_Jejunum.mzML	Carbamidomethyl (C)	Oxidation (M)	Data-Dependent Acquisition	label free sample	5	ppm	0.02	Da	HCD	unspecific cleavage
/mnt/daicx/pvc-afbfaa68-aa52-416c-b273-64fb016fd745/PXD019463/170502_AM_AUT01-DN12_SmallIntestine_Tue39L243_10_DDA_1_400-1000mz_msms34_Jejunum.raw	170502_AM_AUT01-DN12_SmallIntestine_Tue39L243_10_DDA_1_400-1000mz_msms34_Jejunum.mzML	Carbamidomethyl (C)	Oxidation (M)	Data-Dependent Acquisition	label free sample	5	ppm	0.02	Da	HCD	unspecific cleavage
/mnt/daicx/pvc-afbfaa68-aa52-416c-b273-64fb016fd745/PXD019463/170502_AM_AUT01-DN12_SmallIntestine_Tue39L243_10_DDA_2_400-1000mz_msms35_Jejunum.raw	170502_AM_AUT01-DN12_SmallIntestine_Tue39L243_10_DDA_2_400-1000mz_msms35_Jejunum.mzML	Carbamidomethyl (C)	Oxidation (M)	Data-Dependent Acquisition	label free sample	5	ppm	0.02	Da	HCD	unspecific cleavage
/mnt/daicx/pvc-afbfaa68-aa52-416c-b273-64fb016fd745/PXD019463/170502_AM_AUT01-DN12_SmallIntestine_Tue39L243_10_DDA_3_400-1000mz_msms36_Jejunum.raw	170502_AM_AUT01-DN12_SmallIntestine_Tue39L243_10_DDA_3_400-1000mz_msms36_Jejunum.mzML	Carbamidomethyl (C)	Oxidation (M)	Data-Dependent Acquisition	label free sample	5	ppm	0.02	Da	HCD	unspecific cleavage
/mnt/daicx/pvc-afbfaa68-aa52-416c-b273-64fb016fd745/PXD019463/161019_LF_AUT01-DN11_Lung_Tue39L243_10_DDA_1_400-1000mz_msms12_standard.raw	161019_LF_AUT01-DN11_Lung_Tue39L243_10_DDA_1_400-1000mz_msms12_standard.mzML	Carbamidomethyl (C)	Oxidation (M)	Data-Dependent Acquisition	label free sample	5	ppm	0.02	Da	HCD	unspecific cleavage
/mnt/daicx/pvc-afbfaa68-aa52-416c-b273-64fb016fd745/PXD019463/161019_LF_AUT01-DN11_Lung_Tue39L243_10_DDA_2_400-1000mz_msms13_standard.raw	161019_LF_AUT01-DN11_Lung_Tue39L243_10_DDA_2_400-1000mz_msms13_standard.mzML	Carbamidomethyl (C)	Oxidation (M)	Data-Dependent Acquisition	label free sample	5	ppm	0.02	Da	HCD	unspecific cleavage
/mnt/daicx/pvc-afbfaa68-aa52-416c-b273-64fb016fd745/PXD019463/161019_LF_AUT01-DN11_Lung_Tue39L243_10_DDA_3_400-1000mz_msms14_standard.raw	161019_LF_AUT01-DN11_Lung_Tue39L243_10_DDA_3_400-1000mz_msms14_standard.mzML	Carbamidomethyl (C)	Oxidation (M)	Data-Dependent Acquisition	label free sample	5	ppm	0.02	Da	HCD	unspecific cleavage
/mnt/daicx/pvc-afbfaa68-aa52-416c-b273-64fb016fd745/PXD019463/160327_DK_AUT01-DN09_Spleen_Tue39L243_20_DDA_1_400-1000mz_msms22_8ElutionSteps.raw	160327_DK_AUT01-DN09_Spleen_Tue39L243_20_DDA_1_400-1000mz_msms22_8ElutionSteps.mzML	Carbamidomethyl (C)	Oxidation (M)	Data-Dependent Acquisition	label free sample	5	ppm	0.02	Da	HCD	unspecific cleavage
/mnt/daicx/pvc-afbfaa68-aa52-416c-b273-64fb016fd745/PXD019463/160327_DK_AUT01-DN09_Spleen_Tue39L243_20_DDA_2_400-1000mz_msms26_8ElutionSteps.raw	160327_DK_AUT01-DN09_Spleen_Tue39L243_20_DDA_2_400-1000mz_msms26_8ElutionSteps.mzML	Carbamidomethyl (C)	Oxidation (M)	Data-Dependent Acquisition	label free sample	5	ppm	0.02	Da	HCD	unspecific cleavage
/mnt/daicx/pvc-afbfaa68-aa52-416c-b273-64fb016fd745/PXD019463/160327_DK_AUT01-DN09_Spleen_Tue39L243_20_DDA_3_400-1000mz_msms30_8ElutionSteps.raw	160327_DK_AUT01-DN09_Spleen_Tue39L243_20_DDA_3_400-1000mz_msms30_8ElutionSteps.mzML	Carbamidomethyl (C)	Oxidation (M)	Data-Dependent Acquisition	label free sample	5	ppm	0.02	Da	HCD	unspecific cleavage
/mnt/daicx/pvc-afbfaa68-aa52-416c-b273-64fb016fd745/PXD019463/170727_AM_AUT01-DN12_Trachea_Tue39L243_10_DDA_1_400-1000mz_msms8_standard.raw	170727_AM_AUT01-DN12_Trachea_Tue39L243_10_DDA_1_400-1000mz_msms8_standard.mzML	Carbamidomethyl (C)	Oxidation (M)	Data-Dependent Acquisition	label free sample	5	ppm	0.02	Da	HCD	unspecific cleavage
/mnt/daicx/pvc-afbfaa68-aa52-416c-b273-64fb016fd745/PXD019463/170727_AM_AUT01-DN12_Trachea_Tue39L243_10_DDA_2_400-1000mz_msms9_standard.raw	170727_AM_AUT01-DN12_Trachea_Tue39L243_10_DDA_2_400-1000mz_msms9_standard.mzML	Carbamidomethyl (C)	Oxidation (M)	Data-Dependent Acquisition	label free sample	5	ppm	0.02	Da	HCD	unspecific cleavage
/mnt/daicx/pvc-afbfaa68-aa52-416c-b273-64fb016fd745/PXD019463/170727_AM_AUT01-DN12_Trachea_Tue39L243_10_DDA_3_400-1000mz_msms10_standard.raw	170727_AM_AUT01-DN12_Trachea_Tue39L243_10_DDA_3_400-1000mz_msms10_standard.mzML	Carbamidomethyl (C)	Oxidation (M)	Data-Dependent Acquisition	label free sample	5	ppm	0.02	Da	HCD	unspecific cleavage
/mnt/daicx/pvc-afbfaa68-aa52-416c-b273-64fb016fd745/PXD019463/161201_AM_AUT01-DN06_AdrenalGland_Tue39L243_10_DDA_1_400-1000mz_msms22_standard.raw	161201_AM_AUT01-DN06_AdrenalGland_Tue39L243_10_DDA_1_400-1000mz_msms22_standard.mzML	Carbamidomethyl (C)	Oxidation (M)	Data-Dependent Acquisition	label free sample	5	ppm	0.02	Da	HCD	unspecific cleavage
/mnt/daicx/pvc-afbfaa68-aa52-416c-b273-64fb016fd745/PXD019463/161201_AM_AUT01-DN06_AdrenalGland_Tue39L243_10_DDA_2_400-1000mz_msms23_standard.raw	161201_AM_AUT01-DN06_AdrenalGland_Tue39L243_10_DDA_2_400-1000mz_msms23_standard.mzML	Carbamidomethyl (C)	Oxidation (M)	Data-Dependent Acquisition	label free sample	5	ppm	0.02	Da	HCD	unspecific cleavage
/mnt/daicx/pvc-afbfaa68-aa52-416c-b273-64fb016fd745/PXD019463/161201_AM_AUT01-DN06_AdrenalGland_Tue39L243_10_DDA_3_400-1000mz_msms24_standard.raw	161201_AM_AUT01-DN06_AdrenalGland_Tue39L243_10_DDA_3_400-1000mz_msms24_standard.mzML	Carbamidomethyl (C)	Oxidation (M)	Data-Dependent Acquisition	label free sample	5	ppm	0.02	Da	HCD	unspecific cleavage
/mnt/daicx/pvc-afbfaa68-aa52-416c-b273-64fb016fd745/PXD019463/161121_AM_AUT01-DN06_SmallIntestine_Tue39L243_10_DDA_1_400-1000mz_msms15_Jejunum.raw	161121_AM_AUT01-DN06_SmallIntestine_Tue39L243_10_DDA_1_400-1000mz_msms15_Jejunum.mzML	Carbamidomethyl (C)	Oxidation (M)	Data-Dependent Acquisition	label free sample	5	ppm	0.02	Da	HCD	unspecific cleavage
/mnt/daicx/pvc-afbfaa68-aa52-416c-b273-64fb016fd745/PXD019463/161121_AM_AUT01-DN06_SmallIntestine_Tue39L243_10_DDA_2_400-1000mz_msms16_Jejunum.raw	161121_AM_AUT01-DN06_SmallIntestine_Tue39L243_10_DDA_2_400-1000mz_msms16_Jejunum.mzML	Carbamidomethyl (C)	Oxidation (M)	Data-Dependent Acquisition	label free sample	5	ppm	0.02	Da	HCD	unspecific cleavage
/mnt/daicx/pvc-afbfaa68-aa52-416c-b273-64fb016fd745/PXD019463/161121_AM_AUT01-DN06_SmallIntestine_Tue39L243_10_DDA_3_400-1000mz_msms17_Jejunum.raw	161121_AM_AUT01-DN06_SmallIntestine_Tue39L243_10_DDA_3_400-1000mz_msms17_Jejunum.mzML	Carbamidomethyl (C)	Oxidation (M)	Data-Dependent Acquisition	label free sample	5	ppm	0.02	Da	HCD	unspecific cleavage
/mnt/daicx/pvc-afbfaa68-aa52-416c-b273-64fb016fd745/PXD019463/170601_AM_AUT01-DN14_Prostate_Tue39L243_10_DDA_1_400-1000mz_msms20_standard.raw	170601_AM_AUT01-DN14_Prostate_Tue39L243_10_DDA_1_400-1000mz_msms20_standard.mzML	Carbamidomethyl (C)	Oxidation (M)	Data-Dependent Acquisition	label free sample	5	ppm	0.02	Da	HCD	unspecific cleavage
/mnt/daicx/pvc-afbfaa68-aa52-416c-b273-64fb016fd745/PXD019463/170601_AM_AUT01-DN14_Prostate_Tue39L243_10_DDA_2_400-1000mz_msms21_standard.raw	170601_AM_AUT01-DN14_Prostate_Tue39L243_10_DDA_2_400-1000mz_msms21_standard.mzML	Carbamidomethyl (C)	Oxidation (M)	Data-Dependent Acquisition	label free sample	5	ppm	0.02	Da	HCD	unspecific cleavage
/mnt/daicx/pvc-afbfaa68-aa52-416c-b273-64fb016fd745/PXD019463/170601_AM_AUT01-DN14_Prostate_Tue39L243_10_DDA_3_400-1000mz_msms22_standard.raw	170601_AM_AUT01-DN14_Prostate_Tue39L243_10_DDA_3_400-1000mz_msms22_standard.mzML	Carbamidomethyl (C)	Oxidation (M)	Data-Dependent Acquisition	label free sample	5	ppm	0.02	Da	HCD	unspecific cleavage
/mnt/daicx/pvc-afbfaa68-aa52-416c-b273-64fb016fd745/PXD019463/161121_AM_AUT01-DN06_Mamma_Tue39L243_10_DDA_1_400-1000mz_msms27_standard.raw	161121_AM_AUT01-DN06_Mamma_Tue39L243_10_DDA_1_400-1000mz_msms27_standard.mzML	Carbamidomethyl (C)	Oxidation (M)	Data-Dependent Acquisition	label free sample	5	ppm	0.02	Da	HCD	unspecific cleavage
/mnt/daicx/pvc-afbfaa68-aa52-416c-b273-64fb016fd745/PXD019463/161121_AM_AUT01-DN06_Mamma_Tue39L243_10_DDA_2_400-1000mz_msms28_standard.raw	161121_AM_AUT01-DN06_Mamma_Tue39L243_10_DDA_2_400-1000mz_msms28_standard.mzML	Carbamidomethyl (C)	Oxidation (M)	Data-Dependent Acquisition	label free sample	5	ppm	0.02	Da	HCD	unspecific cleavage
/mnt/daicx/pvc-afbfaa68-aa52-416c-b273-64fb016fd745/PXD019463/161121_AM_AUT01-DN06_Mamma_Tue39L243_10_DDA_3_400-1000mz_msms29_standard.raw	161121_AM_AUT01-DN06_Mamma_Tue39L243_10_DDA_3_400-1000mz_msms29_standard.mzML	Carbamidomethyl (C)	Oxidation (M)	Data-Dependent Acquisition	label free sample	5	ppm	0.02	Da	HCD	unspecific cleavage
/mnt/daicx/pvc-afbfaa68-aa52-416c-b273-64fb016fd745/PXD019463/160924_AM_AUT01-DN05_Testis_Tue39L243_10_DDA_1new_400-1000mz_msmsX30_standard.raw	160924_AM_AUT01-DN05_Testis_Tue39L243_10_DDA_1new_400-1000mz_msmsX30_standard.mzML	Carbamidomethyl (C)	Oxidation (M)	Data-Dependent Acquisition	label free sample	5	ppm	0.02	Da	HCD	unspecific cleavage
/mnt/daicx/pvc-afbfaa68-aa52-416c-b273-64fb016fd745/PXD019463/160924_AM_AUT01-DN05_Testis_Tue39L243_10_DDA_2_400-1000mz_msms27_standard.raw	160924_AM_AUT01-DN05_Testis_Tue39L243_10_DDA_2_400-1000mz_msms27_standard.mzML	Carbamidomethyl (C)	Oxidation (M)	Data-Dependent Acquisition	label free sample	5	ppm	0.02	Da	HCD	unspecific cleavage
/mnt/daicx/pvc-afbfaa68-aa52-416c-b273-64fb016fd745/PXD019463/160924_AM_AUT01-DN05_Testis_Tue39L243_10_DDA_3_400-1000mz_msms28_standard.raw	160924_AM_AUT01-DN05_Testis_Tue39L243_10_DDA_3_400-1000mz_msms28_standard.mzML	Carbamidomethyl (C)	Oxidation (M)	Data-Dependent Acquisition	label free sample	5	ppm	0.02	Da	HCD	unspecific cleavage
/mnt/daicx/pvc-afbfaa68-aa52-416c-b273-64fb016fd745/PXD019463/170407_AM_AUT01-DN12_Lung_Tue39L243_10_DDA_1_400-1000mz_msms23_standard.raw	170407_AM_AUT01-DN12_Lung_Tue39L243_10_DDA_1_400-1000mz_msms23_standard.mzML	Carbamidomethyl (C)	Oxidation (M)	Data-Dependent Acquisition	label free sample	5	ppm	0.02	Da	HCD	unspecific cleavage
/mnt/daicx/pvc-afbfaa68-aa52-416c-b273-64fb016fd745/PXD019463/170407_AM_AUT01-DN12_Lung_Tue39L243_10_DDA_2_400-1000mz_msm24_standard.raw	170407_AM_AUT01-DN12_Lung_Tue39L243_10_DDA_2_400-1000mz_msm24_standard.mzML	Carbamidomethyl (C)	Oxidation (M)	Data-Dependent Acquisition	label free sample	5	ppm	0.02	Da	HCD	unspecific cleavage
/mnt/daicx/pvc-afbfaa68-aa52-416c-b273-64fb016fd745/PXD019463/170407_AM_AUT01-DN12_Lung_Tue39L243_10_DDA_3_400-1000mz_msms25_standard.raw	170407_AM_AUT01-DN12_Lung_Tue39L243_10_DDA_3_400-1000mz_msms25_standard.mzML	Carbamidomethyl (C)	Oxidation (M)	Data-Dependent Acquisition	label free sample	5	ppm	0.02	Da	HCD	unspecific cleavage
/mnt/daicx/pvc-afbfaa68-aa52-416c-b273-64fb016fd745/PXD019463/170912_AM_AUT01-DN04_Skin_Tue39L243_10_DDA_1_400-1000mz_msms7_standard.raw	170912_AM_AUT01-DN04_Skin_Tue39L243_10_DDA_1_400-1000mz_msms7_standard.mzML	Carbamidomethyl (C)	Oxidation (M)	Data-Dependent Acquisition	label free sample	5	ppm	0.02	Da	HCD	unspecific cleavage
/mnt/daicx/pvc-afbfaa68-aa52-416c-b273-64fb016fd745/PXD019463/170912_AM_AUT01-DN04_Skin_Tue39L243_10_DDA_2_400-1000mz_msms8_standard.raw	170912_AM_AUT01-DN04_Skin_Tue39L243_10_DDA_2_400-1000mz_msms8_standard.mzML	Carbamidomethyl (C)	Oxidation (M)	Data-Dependent Acquisition	label free sample	5	ppm	0.02	Da	HCD	unspecific cleavage
/mnt/daicx/pvc-afbfaa68-aa52-416c-b273-64fb016fd745/PXD019463/170912_AM_AUT01-DN04_Skin_Tue39L243_10_DDA_3_400-1000mz_msms9_standard.raw	170912_AM_AUT01-DN04_Skin_Tue39L243_10_DDA_3_400-1000mz_msms9_standard.mzML	Carbamidomethyl (C)	Oxidation (M)	Data-Dependent Acquisition	label free sample	5	ppm	0.02	Da	HCD	unspecific cleavage
/mnt/daicx/pvc-afbfaa68-aa52-416c-b273-64fb016fd745/PXD019463/170109_AM_AUT01-DN13_Esophagus_Tue39L243_10_DDA_1_400-1000mz_msms7_standard.raw	170109_AM_AUT01-DN13_Esophagus_Tue39L243_10_DDA_1_400-1000mz_msms7_standard.mzML	Carbamidomethyl (C)	Oxidation (M)	Data-Dependent Acquisition	label free sample	5	ppm	0.02	Da	HCD	unspecific cleavage
/mnt/daicx/pvc-afbfaa68-aa52-416c-b273-64fb016fd745/PXD019463/170109_AM_AUT01-DN13_Esophagus_Tue39L243_10_DDA_2_400-1000mz_msms8_standard.raw	170109_AM_AUT01-DN13_Esophagus_Tue39L243_10_DDA_2_400-1000mz_msms8_standard.mzML	Carbamidomethyl (C)	Oxidation (M)	Data-Dependent Acquisition	label free sample	5	ppm	0.02	Da	HCD	unspecific cleavage
/mnt/daicx/pvc-afbfaa68-aa52-416c-b273-64fb016fd745/PXD019463/170109_AM_AUT01-DN13_Esophagus_Tue39L243_10_DDA_3_400-1000mz_msms9_standard.raw	170109_AM_AUT01-DN13_Esophagus_Tue39L243_10_DDA_3_400-1000mz_msms9_standard.mzML	Carbamidomethyl (C)	Oxidation (M)	Data-Dependent Acquisition	label free sample	5	ppm	0.02	Da	HCD	unspecific cleavage
/mnt/daicx/pvc-afbfaa68-aa52-416c-b273-64fb016fd745/PXD019463/160906_AM_AUT01-DN14_Lung_Tue39L243_10_DDA_1_400-1000mz_msms37_standard.raw	160906_AM_AUT01-DN14_Lung_Tue39L243_10_DDA_1_400-1000mz_msms37_standard.mzML	Carbamidomethyl (C)	Oxidation (M)	Data-Dependent Acquisition	label free sample	5	ppm	0.02	Da	HCD	unspecific cleavage
/mnt/daicx/pvc-afbfaa68-aa52-416c-b273-64fb016fd745/PXD019463/160906_AM_AUT01-DN14_Lung_Tue39L243_10_DDA_2_400-1000mz_msms38_standard.raw	160906_AM_AUT01-DN14_Lung_Tue39L243_10_DDA_2_400-1000mz_msms38_standard.mzML	Carbamidomethyl (C)	Oxidation (M)	Data-Dependent Acquisition	label free sample	5	ppm	0.02	Da	HCD	unspecific cleavage
/mnt/daicx/pvc-afbfaa68-aa52-416c-b273-64fb016fd745/PXD019463/160906_AM_AUT01-DN14_Lung_Tue39L243_10_DDA_3_400-1000mz_msms39_standard.raw	160906_AM_AUT01-DN14_Lung_Tue39L243_10_DDA_3_400-1000mz_msms39_standard.mzML	Carbamidomethyl (C)	Oxidation (M)	Data-Dependent Acquisition	label free sample	5	ppm	0.02	Da	HCD	unspecific cleavage
/mnt/daicx/pvc-afbfaa68-aa52-416c-b273-64fb016fd745/PXD019463/161209_AM_AUT01-DN06_Cerebellum_Tue39L243_10_DDA_1_400-1000mz_msms16_standard.raw	161209_AM_AUT01-DN06_Cerebellum_Tue39L243_10_DDA_1_400-1000mz_msms16_standard.mzML	Carbamidomethyl (C)	Oxidation (M)	Data-Dependent Acquisition	label free sample	5	ppm	0.02	Da	HCD	unspecific cleavage
/mnt/daicx/pvc-afbfaa68-aa52-416c-b273-64fb016fd745/PXD019463/161209_AM_AUT01-DN06_Cerebellum_Tue39L243_10_DDA_2_400-1000mz_msms17_standard.raw	161209_AM_AUT01-DN06_Cerebellum_Tue39L243_10_DDA_2_400-1000mz_msms17_standard.mzML	Carbamidomethyl (C)	Oxidation (M)	Data-Dependent Acquisition	label free sample	5	ppm	0.02	Da	HCD	unspecific cleavage
/mnt/daicx/pvc-afbfaa68-aa52-416c-b273-64fb016fd745/PXD019463/161209_AM_AUT01-DN06_Cerebellum_Tue39L243_10_DDA_3_400-1000mz_msms18_standard.raw	161209_AM_AUT01-DN06_Cerebellum_Tue39L243_10_DDA_3_400-1000mz_msms18_standard.mzML	Carbamidomethyl (C)	Oxidation (M)	Data-Dependent Acquisition	label free sample	5	ppm	0.02	Da	HCD	unspecific cleavage
/mnt/daicx/pvc-afbfaa68-aa52-416c-b273-64fb016fd745/PXD019463/171012_AM_AUT01-DN17_Colon_Tue39L243_10_DDA_1new_400-1000mz_msms34_standard.raw	171012_AM_AUT01-DN17_Colon_Tue39L243_10_DDA_1new_400-1000mz_msms34_standard.mzML	Carbamidomethyl (C)	Oxidation (M)	Data-Dependent Acquisition	label free sample	5	ppm	0.02	Da	HCD	unspecific cleavage
/mnt/daicx/pvc-afbfaa68-aa52-416c-b273-64fb016fd745/PXD019463/171012_AM_AUT01-DN17_Colon_Tue39L243_10_DDA_2_400-1000mz_msms15_standard.raw	171012_AM_AUT01-DN17_Colon_Tue39L243_10_DDA_2_400-1000mz_msms15_standard.mzML	Carbamidomethyl (C)	Oxidation (M)	Data-Dependent Acquisition	label free sample	5	ppm	0.02	Da	HCD	unspecific cleavage
/mnt/daicx/pvc-afbfaa68-aa52-416c-b273-64fb016fd745/PXD019463/171012_AM_AUT01-DN17_Colon_Tue39L243_10_DDA_3_400-1000mz_msms16_standard.raw	171012_AM_AUT01-DN17_Colon_Tue39L243_10_DDA_3_400-1000mz_msms16_standard.mzML	Carbamidomethyl (C)	Oxidation (M)	Data-Dependent Acquisition	label free sample	5	ppm	0.02	Da	HCD	unspecific cleavage
/mnt/daicx/pvc-afbfaa68-aa52-416c-b273-64fb016fd745/PXD019463/170517_AM_AUT01-DN12_Ovary_Tue39L243_10_DDA_1_400-1000mz_msms27_standard.raw	170517_AM_AUT01-DN12_Ovary_Tue39L243_10_DDA_1_400-1000mz_msms27_standard.mzML	Carbamidomethyl (C)	Oxidation (M)	Data-Dependent Acquisition	label free sample	5	ppm	0.02	Da	HCD	unspecific cleavage
/mnt/daicx/pvc-afbfaa68-aa52-416c-b273-64fb016fd745/PXD019463/170517_AM_AUT01-DN12_Ovary_Tue39L243_10_DDA_2_400-1000mz_msms28_standard.raw	170517_AM_AUT01-DN12_Ovary_Tue39L243_10_DDA_2_400-1000mz_msms28_standard.mzML	Carbamidomethyl (C)	Oxidation (M)	Data-Dependent Acquisition	label free sample	5	ppm	0.02	Da	HCD	unspecific cleavage
/mnt/daicx/pvc-afbfaa68-aa52-416c-b273-64fb016fd745/PXD019463/170520_AM_AUT01-DN12_Ovary_Tue39L243_10_DDA_3_400-1000mz_msms22_standard.raw	170520_AM_AUT01-DN12_Ovary_Tue39L243_10_DDA_3_400-1000mz_msms22_standard.mzML	Carbamidomethyl (C)	Oxidation (M)	Data-Dependent Acquisition	label free sample	5	ppm	0.02	Da	HCD	unspecific cleavage
/mnt/daicx/pvc-afbfaa68-aa52-416c-b273-64fb016fd745/PXD019463/170911_AM_AUT01-DN05_Skin_Tue39L243_10_DDA_1_400-1000mz_msms19_standard.raw	170911_AM_AUT01-DN05_Skin_Tue39L243_10_DDA_1_400-1000mz_msms19_standard.mzML	Carbamidomethyl (C)	Oxidation (M)	Data-Dependent Acquisition	label free sample	5	ppm	0.02	Da	HCD	unspecific cleavage
/mnt/daicx/pvc-afbfaa68-aa52-416c-b273-64fb016fd745/PXD019463/170911_AM_AUT01-DN05_Skin_Tue39L243_10_DDA_2_400-1000mz_msms20_standard.raw	170911_AM_AUT01-DN05_Skin_Tue39L243_10_DDA_2_400-1000mz_msms20_standard.mzML	Carbamidomethyl (C)	Oxidation (M)	Data-Dependent Acquisition	label free sample	5	ppm	0.02	Da	HCD	unspecific cleavage
/mnt/daicx/pvc-afbfaa68-aa52-416c-b273-64fb016fd745/PXD019463/170911_AM_AUT01-DN05_Skin_Tue39L243_10_DDA_3_400-1000mz_msms21_standard.raw	170911_AM_AUT01-DN05_Skin_Tue39L243_10_DDA_3_400-1000mz_msms21_standard.mzML	Carbamidomethyl (C)	Oxidation (M)	Data-Dependent Acquisition	label free sample	5	ppm	0.02	Da	HCD	unspecific cleavage
/mnt/daicx/pvc-afbfaa68-aa52-416c-b273-64fb016fd745/PXD019463/160805_AM_AUT01-DN09_BoneMarrow_Tue39L243_10_DDA_1_400-1000mz_msms8_standard.raw	160805_AM_AUT01-DN09_BoneMarrow_Tue39L243_10_DDA_1_400-1000mz_msms8_standard.mzML	Carbamidomethyl (C)	Oxidation (M)	Data-Dependent Acquisition	label free sample	5	ppm	0.02	Da	HCD	unspecific cleavage
/mnt/daicx/pvc-afbfaa68-aa52-416c-b273-64fb016fd745/PXD019463/160805_AM_AUT01-DN09_BoneMarrow_Tue39L243_10_DDA_2_400-1000mz_msms9_standard.raw	160805_AM_AUT01-DN09_BoneMarrow_Tue39L243_10_DDA_2_400-1000mz_msms9_standard.mzML	Carbamidomethyl (C)	Oxidation (M)	Data-Dependent Acquisition	label free sample	5	ppm	0.02	Da	HCD	unspecific cleavage
/mnt/daicx/pvc-afbfaa68-aa52-416c-b273-64fb016fd745/PXD019463/160805_AM_AUT01-DN09_BoneMarrow_Tue39L243_10_DDA_3_400-1000mz_msms10_standard.raw	160805_AM_AUT01-DN09_BoneMarrow_Tue39L243_10_DDA_3_400-1000mz_msms10_standard.mzML	Carbamidomethyl (C)	Oxidation (M)	Data-Dependent Acquisition	label free sample	5	ppm	0.02	Da	HCD	unspecific cleavage
/mnt/daicx/pvc-afbfaa68-aa52-416c-b273-64fb016fd745/PXD019463/161111_AM_AUT01-DN11_Cerebellum_Tue39L243_10_DDA_1_400-1000mz_msms33_standard.raw	161111_AM_AUT01-DN11_Cerebellum_Tue39L243_10_DDA_1_400-1000mz_msms33_standard.mzML	Carbamidomethyl (C)	Oxidation (M)	Data-Dependent Acquisition	label free sample	5	ppm	0.02	Da	HCD	unspecific cleavage
/mnt/daicx/pvc-afbfaa68-aa52-416c-b273-64fb016fd745/PXD019463/161111_AM_AUT01-DN11_Cerebellum_Tue39L243_10_DDA_2_400-1000mz_msms34_standard.raw	161111_AM_AUT01-DN11_Cerebellum_Tue39L243_10_DDA_2_400-1000mz_msms34_standard.mzML	Carbamidomethyl (C)	Oxidation (M)	Data-Dependent Acquisition	label free sample	5	ppm	0.02	Da	HCD	unspecific cleavage
/mnt/daicx/pvc-afbfaa68-aa52-416c-b273-64fb016fd745/PXD019463/161111_AM_AUT01-DN11_Cerebellum_Tue39L243_10_DDA_3_400-1000mz_msms35_standard.raw	161111_AM_AUT01-DN11_Cerebellum_Tue39L243_10_DDA_3_400-1000mz_msms35_standard.mzML	Carbamidomethyl (C)	Oxidation (M)	Data-Dependent Acquisition	label free sample	5	ppm	0.02	Da	HCD	unspecific cleavage
/mnt/daicx/pvc-afbfaa68-aa52-416c-b273-64fb016fd745/PXD019463/170810_AM_AUT01-DN14_Trachea_Tue39L243_10_DDA_1_400-1000mz_msms19_standard.raw	170810_AM_AUT01-DN14_Trachea_Tue39L243_10_DDA_1_400-1000mz_msms19_standard.mzML	Carbamidomethyl (C)	Oxidation (M)	Data-Dependent Acquisition	label free sample	5	ppm	0.02	Da	HCD	unspecific cleavage
/mnt/daicx/pvc-afbfaa68-aa52-416c-b273-64fb016fd745/PXD019463/170810_AM_AUT01-DN14_Trachea_Tue39L243_10_DDA_2_400-1000mz_msms20_standard.raw	170810_AM_AUT01-DN14_Trachea_Tue39L243_10_DDA_2_400-1000mz_msms20_standard.mzML	Carbamidomethyl (C)	Oxidation (M)	Data-Dependent Acquisition	label free sample	5	ppm	0.02	Da	HCD	unspecific cleavage
/mnt/daicx/pvc-afbfaa68-aa52-416c-b273-64fb016fd745/PXD019463/170810_AM_AUT01-DN14_Trachea_Tue39L243_10_DDA_3_400-1000mz_msms21_standard.raw	170810_AM_AUT01-DN14_Trachea_Tue39L243_10_DDA_3_400-1000mz_msms21_standard.mzML	Carbamidomethyl (C)	Oxidation (M)	Data-Dependent Acquisition	label free sample	5	ppm	0.02	Da	HCD	unspecific cleavage
/mnt/daicx/pvc-afbfaa68-aa52-416c-b273-64fb016fd745/PXD019463/160913_AM_AUT01-DN04_Spleen_Tue39L243_10_DDA_1_400-1000mz_msms7_standard.raw	160913_AM_AUT01-DN04_Spleen_Tue39L243_10_DDA_1_400-1000mz_msms7_standard.mzML	Carbamidomethyl (C)	Oxidation (M)	Data-Dependent Acquisition	label free sample	5	ppm	0.02	Da	HCD	unspecific cleavage
/mnt/daicx/pvc-afbfaa68-aa52-416c-b273-64fb016fd745/PXD019463/160913_AM_AUT01-DN04_Spleen_Tue39L243_10_DDA_2_400-1000mz_msms8_standard.raw	160913_AM_AUT01-DN04_Spleen_Tue39L243_10_DDA_2_400-1000mz_msms8_standard.mzML	Carbamidomethyl (C)	Oxidation (M)	Data-Dependent Acquisition	label free sample	5	ppm	0.02	Da	HCD	unspecific cleavage
/mnt/daicx/pvc-afbfaa68-aa52-416c-b273-64fb016fd745/PXD019463/160913_AM_AUT01-DN04_Spleen_Tue39L243_10_DDA_3_400-1000mz_msms9_standard.raw	160913_AM_AUT01-DN04_Spleen_Tue39L243_10_DDA_3_400-1000mz_msms9_standard.mzML	Carbamidomethyl (C)	Oxidation (M)	Data-Dependent Acquisition	label free sample	5	ppm	0.02	Da	HCD	unspecific cleavage
/mnt/daicx/pvc-afbfaa68-aa52-416c-b273-64fb016fd745/PXD019463/170609_AM_AUT01-DN14_Stomach_Tue39L243_10_DDA_1_400-1000mz_msms6_standard.raw	170609_AM_AUT01-DN14_Stomach_Tue39L243_10_DDA_1_400-1000mz_msms6_standard.mzML	Carbamidomethyl (C)	Oxidation (M)	Data-Dependent Acquisition	label free sample	5	ppm	0.02	Da	HCD	unspecific cleavage
/mnt/daicx/pvc-afbfaa68-aa52-416c-b273-64fb016fd745/PXD019463/170609_AM_AUT01-DN14_Stomach_Tue39L243_10_DDA_2_400-1000mz_msms7_standard.raw	170609_AM_AUT01-DN14_Stomach_Tue39L243_10_DDA_2_400-1000mz_msms7_standard.mzML	Carbamidomethyl (C)	Oxidation (M)	Data-Dependent Acquisition	label free sample	5	ppm	0.02	Da	HCD	unspecific cleavage
/mnt/daicx/pvc-afbfaa68-aa52-416c-b273-64fb016fd745/PXD019463/170609_AM_AUT01-DN14_Stomach_Tue39L243_10_DDA_3_400-1000mz_msms8_standard.raw	170609_AM_AUT01-DN14_Stomach_Tue39L243_10_DDA_3_400-1000mz_msms8_standard.mzML	Carbamidomethyl (C)	Oxidation (M)	Data-Dependent Acquisition	label free sample	5	ppm	0.02	Da	HCD	unspecific cleavage
/mnt/daicx/pvc-afbfaa68-aa52-416c-b273-64fb016fd745/PXD019463/170513_AM_AUT01-DN15_Aorta_Tue39L243_10_DDA_1_400-1000mz_msms33_standard.raw	170513_AM_AUT01-DN15_Aorta_Tue39L243_10_DDA_1_400-1000mz_msms33_standard.mzML	Carbamidomethyl (C)	Oxidation (M)	Data-Dependent Acquisition	label free sample	5	ppm	0.02	Da	HCD	unspecific cleavage
/mnt/daicx/pvc-afbfaa68-aa52-416c-b273-64fb016fd745/PXD019463/170513_AM_AUT01-DN15_Aorta_Tue39L243_10_DDA_2_400-1000mz_msms34_standard.raw	170513_AM_AUT01-DN15_Aorta_Tue39L243_10_DDA_2_400-1000mz_msms34_standard.mzML	Carbamidomethyl (C)	Oxidation (M)	Data-Dependent Acquisition	label free sample	5	ppm	0.02	Da	HCD	unspecific cleavage
/mnt/daicx/pvc-afbfaa68-aa52-416c-b273-64fb016fd745/PXD019463/170513_AM_AUT01-DN15_Aorta_Tue39L243_10_DDA_3_400-1000mz_msms35_standard.raw	170513_AM_AUT01-DN15_Aorta_Tue39L243_10_DDA_3_400-1000mz_msms35_standard.mzML	Carbamidomethyl (C)	Oxidation (M)	Data-Dependent Acquisition	label free sample	5	ppm	0.02	Da	HCD	unspecific cleavage
/mnt/daicx/pvc-afbfaa68-aa52-416c-b273-64fb016fd745/PXD019463/170520_AM_AUT01-DN12_LymphNode_Tue39L243_10_DDA_1_400-1000mz_msms30_standard.raw	170520_AM_AUT01-DN12_LymphNode_Tue39L243_10_DDA_1_400-1000mz_msms30_standard.mzML	Carbamidomethyl (C)	Oxidation (M)	Data-Dependent Acquisition	label free sample	5	ppm	0.02	Da	HCD	unspecific cleavage
/mnt/daicx/pvc-afbfaa68-aa52-416c-b273-64fb016fd745/PXD019463/170520_AM_AUT01-DN12_LymphNode_Tue39L243_10_DDA_2_400-1000mz_msms31_standard.raw	170520_AM_AUT01-DN12_LymphNode_Tue39L243_10_DDA_2_400-1000mz_msms31_standard.mzML	Carbamidomethyl (C)	Oxidation (M)	Data-Dependent Acquisition	label free sample	5	ppm	0.02	Da	HCD	unspecific cleavage
/mnt/daicx/pvc-afbfaa68-aa52-416c-b273-64fb016fd745/PXD019463/170520_AM_AUT01-DN12_LymphNode_Tue39L243_10_DDA_3_400-1000mz_msms32_standard.raw	170520_AM_AUT01-DN12_LymphNode_Tue39L243_10_DDA_3_400-1000mz_msms32_standard.mzML	Carbamidomethyl (C)	Oxidation (M)	Data-Dependent Acquisition	label free sample	5	ppm	0.02	Da	HCD	unspecific cleavage
/mnt/daicx/pvc-afbfaa68-aa52-416c-b273-64fb016fd745/PXD019463/170102_AM_AUT01-DN13_Heart_Tue39L243_20_DDA_1_400-1000mz_msms44_standard.raw	170102_AM_AUT01-DN13_Heart_Tue39L243_20_DDA_1_400-1000mz_msms44_standard.mzML	Carbamidomethyl (C)	Oxidation (M)	Data-Dependent Acquisition	label free sample	5	ppm	0.02	Da	HCD	unspecific cleavage
/mnt/daicx/pvc-afbfaa68-aa52-416c-b273-64fb016fd745/PXD019463/170102_AM_AUT01-DN13_Heart_Tue39L243_20_DDA_2_400-1000mz_msms45_standard.raw	170102_AM_AUT01-DN13_Heart_Tue39L243_20_DDA_2_400-1000mz_msms45_standard.mzML	Carbamidomethyl (C)	Oxidation (M)	Data-Dependent Acquisition	label free sample	5	ppm	0.02	Da	HCD	unspecific cleavage
/mnt/daicx/pvc-afbfaa68-aa52-416c-b273-64fb016fd745/PXD019463/170102_AM_AUT01-DN13_Heart_Tue39L243_20_DDA_3_400-1000mz_msms46_standard.raw	170102_AM_AUT01-DN13_Heart_Tue39L243_20_DDA_3_400-1000mz_msms46_standard.mzML	Carbamidomethyl (C)	Oxidation (M)	Data-Dependent Acquisition	label free sample	5	ppm	0.02	Da	HCD	unspecific cleavage
/mnt/daicx/pvc-afbfaa68-aa52-416c-b273-64fb016fd745/PXD019463/171124_AM_AUT01-DN11_Prostate_Tue39L243_10_DDA_1_400-1000mz_msms2_standard.raw	171124_AM_AUT01-DN11_Prostate_Tue39L243_10_DDA_1_400-1000mz_msms2_standard.mzML	Carbamidomethyl (C)	Oxidation (M)	Data-Dependent Acquisition	label free sample	5	ppm	0.02	Da	HCD	unspecific cleavage
/mnt/daicx/pvc-afbfaa68-aa52-416c-b273-64fb016fd745/PXD019463/171124_AM_AUT01-DN11_Prostate_Tue39L243_10_DDA_2_400-1000mz_msms3_standard.raw	171124_AM_AUT01-DN11_Prostate_Tue39L243_10_DDA_2_400-1000mz_msms3_standard.mzML	Carbamidomethyl (C)	Oxidation (M)	Data-Dependent Acquisition	label free sample	5	ppm	0.02	Da	HCD	unspecific cleavage
/mnt/daicx/pvc-afbfaa68-aa52-416c-b273-64fb016fd745/PXD019463/171124_AM_AUT01-DN11_Prostate_Tue39L243_10_DDA_3_400-1000mz_msms4_standard.raw	171124_AM_AUT01-DN11_Prostate_Tue39L243_10_DDA_3_400-1000mz_msms4_standard.mzML	Carbamidomethyl (C)	Oxidation (M)	Data-Dependent Acquisition	label free sample	5	ppm	0.02	Da	HCD	unspecific cleavage
/mnt/daicx/pvc-afbfaa68-aa52-416c-b273-64fb016fd745/PXD019463/170102_AM_AUT01-DN11_Thyroid_Tue39L243_10_DDA_1_400-1000mz_msms20_standard.raw	170102_AM_AUT01-DN11_Thyroid_Tue39L243_10_DDA_1_400-1000mz_msms20_standard.mzML	Carbamidomethyl (C)	Oxidation (M)	Data-Dependent Acquisition	label free sample	5	ppm	0.02	Da	HCD	unspecific cleavage
/mnt/daicx/pvc-afbfaa68-aa52-416c-b273-64fb016fd745/PXD019463/170102_AM_AUT01-DN11_Thyroid_Tue39L243_10_DDA_2_400-1000mz_msms21_standard.raw	170102_AM_AUT01-DN11_Thyroid_Tue39L243_10_DDA_2_400-1000mz_msms21_standard.mzML	Carbamidomethyl (C)	Oxidation (M)	Data-Dependent Acquisition	label free sample	5	ppm	0.02	Da	HCD	unspecific cleavage
/mnt/daicx/pvc-afbfaa68-aa52-416c-b273-64fb016fd745/PXD019463/170102_AM_AUT01-DN11_Thyroid_Tue39L243_10_DDA_3_400-1000mz_msms22_standard.raw	170102_AM_AUT01-DN11_Thyroid_Tue39L243_10_DDA_3_400-1000mz_msms22_standard.mzML	Carbamidomethyl (C)	Oxidation (M)	Data-Dependent Acquisition	label free sample	5	ppm	0.02	Da	HCD	unspecific cleavage
/mnt/daicx/pvc-afbfaa68-aa52-416c-b273-64fb016fd745/PXD019463/170905_AM_AUT01-DN12_Muscle_Tue39L243_10_DDA_1_400-1000mz_msms18_standard.raw	170905_AM_AUT01-DN12_Muscle_Tue39L243_10_DDA_1_400-1000mz_msms18_standard.mzML	Carbamidomethyl (C)	Oxidation (M)	Data-Dependent Acquisition	label free sample	5	ppm	0.02	Da	HCD	unspecific cleavage
/mnt/daicx/pvc-afbfaa68-aa52-416c-b273-64fb016fd745/PXD019463/170905_AM_AUT01-DN12_Muscle_Tue39L243_10_DDA_2_400-1000mz_msms19_standard.raw	170905_AM_AUT01-DN12_Muscle_Tue39L243_10_DDA_2_400-1000mz_msms19_standard.mzML	Carbamidomethyl (C)	Oxidation (M)	Data-Dependent Acquisition	label free sample	5	ppm	0.02	Da	HCD	unspecific cleavage
/mnt/daicx/pvc-afbfaa68-aa52-416c-b273-64fb016fd745/PXD019463/170905_AM_AUT01-DN12_Muscle_Tue39L243_10_DDA_3_400-1000mz_msms20_standard.raw	170905_AM_AUT01-DN12_Muscle_Tue39L243_10_DDA_3_400-1000mz_msms20_standard.mzML	Carbamidomethyl (C)	Oxidation (M)	Data-Dependent Acquisition	label free sample	5	ppm	0.02	Da	HCD	unspecific cleavage
/mnt/daicx/pvc-afbfaa68-aa52-416c-b273-64fb016fd745/PXD019463/180117_AM_AUT01-DN17_Skin_Tue39L243_10_DDA_1_400-1000mz_msms41_standard.raw	180117_AM_AUT01-DN17_Skin_Tue39L243_10_DDA_1_400-1000mz_msms41_standard.mzML	Carbamidomethyl (C)	Oxidation (M)	Data-Dependent Acquisition	label free sample	5	ppm	0.02	Da	HCD	unspecific cleavage
/mnt/daicx/pvc-afbfaa68-aa52-416c-b273-64fb016fd745/PXD019463/180117_AM_AUT01-DN17_Skin_Tue39L243_10_DDA_2_400-1000mz_msms42_standard.raw	180117_AM_AUT01-DN17_Skin_Tue39L243_10_DDA_2_400-1000mz_msms42_standard.mzML	Carbamidomethyl (C)	Oxidation (M)	Data-Dependent Acquisition	label free sample	5	ppm	0.02	Da	HCD	unspecific cleavage
/mnt/daicx/pvc-afbfaa68-aa52-416c-b273-64fb016fd745/PXD019463/180117_AM_AUT01-DN17_Skin_Tue39L243_10_DDA_3_400-1000mz_msms43_standard.raw	180117_AM_AUT01-DN17_Skin_Tue39L243_10_DDA_3_400-1000mz_msms43_standard.mzML	Carbamidomethyl (C)	Oxidation (M)	Data-Dependent Acquisition	label free sample	5	ppm	0.02	Da	HCD	unspecific cleavage
/mnt/daicx/pvc-afbfaa68-aa52-416c-b273-64fb016fd745/PXD019463/160927_AM_AUT01-DN04_Thyroid_Tue39L243_10_DDA_1_400-1000mz_msms55_standard.raw	160927_AM_AUT01-DN04_Thyroid_Tue39L243_10_DDA_1_400-1000mz_msms55_standard.mzML	Carbamidomethyl (C)	Oxidation (M)	Data-Dependent Acquisition	label free sample	5	ppm	0.02	Da	HCD	unspecific cleavage
/mnt/daicx/pvc-afbfaa68-aa52-416c-b273-64fb016fd745/PXD019463/160927_AM_AUT01-DN04_Thyroid_Tue39L243_10_DDA_2_400-1000mz_msms56_standard.raw	160927_AM_AUT01-DN04_Thyroid_Tue39L243_10_DDA_2_400-1000mz_msms56_standard.mzML	Carbamidomethyl (C)	Oxidation (M)	Data-Dependent Acquisition	label free sample	5	ppm	0.02	Da	HCD	unspecific cleavage
/mnt/daicx/pvc-afbfaa68-aa52-416c-b273-64fb016fd745/PXD019463/160927_AM_AUT01-DN04_Thyroid_Tue39L243_10_DDA_3_400-1000mz_msms57_standard.raw	160927_AM_AUT01-DN04_Thyroid_Tue39L243_10_DDA_3_400-1000mz_msms57_standard.mzML	Carbamidomethyl (C)	Oxidation (M)	Data-Dependent Acquisition	label free sample	5	ppm	0.02	Da	HCD	unspecific cleavage
/mnt/daicx/pvc-afbfaa68-aa52-416c-b273-64fb016fd745/PXD019463/170625_AM_AUT01-DN14_AdrenalGland_Tue39L243_10_DDA_1_400-1000mz_msms13_standard.raw	170625_AM_AUT01-DN14_AdrenalGland_Tue39L243_10_DDA_1_400-1000mz_msms13_standard.mzML	Carbamidomethyl (C)	Oxidation (M)	Data-Dependent Acquisition	label free sample	5	ppm	0.02	Da	HCD	unspecific cleavage
/mnt/daicx/pvc-afbfaa68-aa52-416c-b273-64fb016fd745/PXD019463/170625_AM_AUT01-DN14_AdrenalGland_Tue39L243_10_DDA_2_400-1000mz_msms14_standard.raw	170625_AM_AUT01-DN14_AdrenalGland_Tue39L243_10_DDA_2_400-1000mz_msms14_standard.mzML	Carbamidomethyl (C)	Oxidation (M)	Data-Dependent Acquisition	label free sample	5	ppm	0.02	Da	HCD	unspecific cleavage
/mnt/daicx/pvc-afbfaa68-aa52-416c-b273-64fb016fd745/PXD019463/170625_AM_AUT01-DN14_AdrenalGland_Tue39L243_10_DDA_3_400-1000mz_msms15_standard.raw	170625_AM_AUT01-DN14_AdrenalGland_Tue39L243_10_DDA_3_400-1000mz_msms15_standard.mzML	Carbamidomethyl (C)	Oxidation (M)	Data-Dependent Acquisition	label free sample	5	ppm	0.02	Da	HCD	unspecific cleavage
/mnt/daicx/pvc-afbfaa68-aa52-416c-b273-64fb016fd745/PXD019463/171002_AM_AUT01-DN17_Thyroid_Tue39L243_10_DDA_1_400-1000mz_msms22_standard.raw	171002_AM_AUT01-DN17_Thyroid_Tue39L243_10_DDA_1_400-1000mz_msms22_standard.mzML	Carbamidomethyl (C)	Oxidation (M)	Data-Dependent Acquisition	label free sample	5	ppm	0.02	Da	HCD	unspecific cleavage
/mnt/daicx/pvc-afbfaa68-aa52-416c-b273-64fb016fd745/PXD019463/171002_AM_AUT01-DN17_Thyroid_Tue39L243_10_DDA_2_400-1000mz_msms23_standard.raw	171002_AM_AUT01-DN17_Thyroid_Tue39L243_10_DDA_2_400-1000mz_msms23_standard.mzML	Carbamidomethyl (C)	Oxidation (M)	Data-Dependent Acquisition	label free sample	5	ppm	0.02	Da	HCD	unspecific cleavage
/mnt/daicx/pvc-afbfaa68-aa52-416c-b273-64fb016fd745/PXD019463/171002_AM_AUT01-DN17_Thyroid_Tue39L243_10_DDA_3_400-1000mz_msms24_standard.raw	171002_AM_AUT01-DN17_Thyroid_Tue39L243_10_DDA_3_400-1000mz_msms24_standard.mzML	Carbamidomethyl (C)	Oxidation (M)	Data-Dependent Acquisition	label free sample	5	ppm	0.02	Da	HCD	unspecific cleavage
/mnt/daicx/pvc-afbfaa68-aa52-416c-b273-64fb016fd745/PXD019463/171228_AM_AUT01-DN11_Kidney_Tue39L243_10_DDA_1_400-1000mz_msms33_standard.raw	171228_AM_AUT01-DN11_Kidney_Tue39L243_10_DDA_1_400-1000mz_msms33_standard.mzML	Carbamidomethyl (C)	Oxidation (M)	Data-Dependent Acquisition	label free sample	5	ppm	0.02	Da	HCD	unspecific cleavage
/mnt/daicx/pvc-afbfaa68-aa52-416c-b273-64fb016fd745/PXD019463/171228_AM_AUT01-DN11_Kidney_Tue39L243_10_DDA_2_400-1000mz_msms34_standard.raw	171228_AM_AUT01-DN11_Kidney_Tue39L243_10_DDA_2_400-1000mz_msms34_standard.mzML	Carbamidomethyl (C)	Oxidation (M)	Data-Dependent Acquisition	label free sample	5	ppm	0.02	Da	HCD	unspecific cleavage
/mnt/daicx/pvc-afbfaa68-aa52-416c-b273-64fb016fd745/PXD019463/171228_AM_AUT01-DN11_Kidney_Tue39L243_10_DDA_3_400-1000mz_msms35_standard.raw	171228_AM_AUT01-DN11_Kidney_Tue39L243_10_DDA_3_400-1000mz_msms35_standard.mzML	Carbamidomethyl (C)	Oxidation (M)	Data-Dependent Acquisition	label free sample	5	ppm	0.02	Da	HCD	unspecific cleavage
/mnt/daicx/pvc-afbfaa68-aa52-416c-b273-64fb016fd745/PXD019463/171006_AM_AUT01-DN17_Esophagus_Tue39L243_10_DDA_1_400-1000mz_msms30_standard.raw	171006_AM_AUT01-DN17_Esophagus_Tue39L243_10_DDA_1_400-1000mz_msms30_standard.mzML	Carbamidomethyl (C)	Oxidation (M)	Data-Dependent Acquisition	label free sample	5	ppm	0.02	Da	HCD	unspecific cleavage
/mnt/daicx/pvc-afbfaa68-aa52-416c-b273-64fb016fd745/PXD019463/171006_AM_AUT01-DN17_Esophagus_Tue39L243_10_DDA_2_400-1000mz_msms31_standard.raw	171006_AM_AUT01-DN17_Esophagus_Tue39L243_10_DDA_2_400-1000mz_msms31_standard.mzML	Carbamidomethyl (C)	Oxidation (M)	Data-Dependent Acquisition	label free sample	5	ppm	0.02	Da	HCD	unspecific cleavage
/mnt/daicx/pvc-afbfaa68-aa52-416c-b273-64fb016fd745/PXD019463/171006_AM_AUT01-DN17_Esophagus_Tue39L243_10_DDA_3_400-1000mz_msms32_standard.raw	171006_AM_AUT01-DN17_Esophagus_Tue39L243_10_DDA_3_400-1000mz_msms32_standard.mzML	Carbamidomethyl (C)	Oxidation (M)	Data-Dependent Acquisition	label free sample	5	ppm	0.02	Da	HCD	unspecific cleavage
/mnt/daicx/pvc-afbfaa68-aa52-416c-b273-64fb016fd745/PXD019463/161218_AM_AUT01-DN08_Bladder_Tue39L243_10_DDA_1_400-1000mz_msms21_standard.raw	161218_AM_AUT01-DN08_Bladder_Tue39L243_10_DDA_1_400-1000mz_msms21_standard.mzML	Carbamidomethyl (C)	Oxidation (M)	Data-Dependent Acquisition	label free sample	5	ppm	0.02	Da	HCD	unspecific cleavage
/mnt/daicx/pvc-afbfaa68-aa52-416c-b273-64fb016fd745/PXD019463/161218_AM_AUT01-DN08_Bladder_Tue39L243_10_DDA_2_400-1000mz_msm22_standard.raw	161218_AM_AUT01-DN08_Bladder_Tue39L243_10_DDA_2_400-1000mz_msm22_standard.mzML	Carbamidomethyl (C)	Oxidation (M)	Data-Dependent Acquisition	label free sample	5	ppm	0.02	Da	HCD	unspecific cleavage
/mnt/daicx/pvc-afbfaa68-aa52-416c-b273-64fb016fd745/PXD019463/161218_AM_AUT01-DN08_Bladder_Tue39L243_10_DDA_3_400-1000mz_msms23_standard.raw	161218_AM_AUT01-DN08_Bladder_Tue39L243_10_DDA_3_400-1000mz_msms23_standard.mzML	Carbamidomethyl (C)	Oxidation (M)	Data-Dependent Acquisition	label free sample	5	ppm	0.02	Da	HCD	unspecific cleavage
/mnt/daicx/pvc-afbfaa68-aa52-416c-b273-64fb016fd745/PXD019463/171109_AM_AUT01-DN11_Bladder_Tue39L243_10_DDA_1_400-1000mz_msms30_standard.raw	171109_AM_AUT01-DN11_Bladder_Tue39L243_10_DDA_1_400-1000mz_msms30_standard.mzML	Carbamidomethyl (C)	Oxidation (M)	Data-Dependent Acquisition	label free sample	5	ppm	0.02	Da	HCD	unspecific cleavage
/mnt/daicx/pvc-afbfaa68-aa52-416c-b273-64fb016fd745/PXD019463/171109_AM_AUT01-DN11_Bladder_Tue39L243_10_DDA_2_400-1000mz_msms31_standard.raw	171109_AM_AUT01-DN11_Bladder_Tue39L243_10_DDA_2_400-1000mz_msms31_standard.mzML	Carbamidomethyl (C)	Oxidation (M)	Data-Dependent Acquisition	label free sample	5	ppm	0.02	Da	HCD	unspecific cleavage
/mnt/daicx/pvc-afbfaa68-aa52-416c-b273-64fb016fd745/PXD019463/171109_AM_AUT01-DN11_Bladder_Tue39L243_10_DDA_3_400-1000mz_msms32_standard.raw	171109_AM_AUT01-DN11_Bladder_Tue39L243_10_DDA_3_400-1000mz_msms32_standard.mzML	Carbamidomethyl (C)	Oxidation (M)	Data-Dependent Acquisition	label free sample	5	ppm	0.02	Da	HCD	unspecific cleavage
/mnt/daicx/pvc-afbfaa68-aa52-416c-b273-64fb016fd745/PXD019463/170715_AM_AUT01-DN15_SmallIntestine_Tue39L243_10_DDA_1_400-1000mz_msms8_standard.raw	170715_AM_AUT01-DN15_SmallIntestine_Tue39L243_10_DDA_1_400-1000mz_msms8_standard.mzML	Carbamidomethyl (C)	Oxidation (M)	Data-Dependent Acquisition	label free sample	5	ppm	0.02	Da	HCD	unspecific cleavage
/mnt/daicx/pvc-afbfaa68-aa52-416c-b273-64fb016fd745/PXD019463/170715_AM_AUT01-DN15_SmallIntestine_Tue39L243_10_DDA_2_400-1000mz_msms9_standard.raw	170715_AM_AUT01-DN15_SmallIntestine_Tue39L243_10_DDA_2_400-1000mz_msms9_standard.mzML	Carbamidomethyl (C)	Oxidation (M)	Data-Dependent Acquisition	label free sample	5	ppm	0.02	Da	HCD	unspecific cleavage
/mnt/daicx/pvc-afbfaa68-aa52-416c-b273-64fb016fd745/PXD019463/170715_AM_AUT01-DN15_SmallIntestine_Tue39L243_10_DDA_3_400-1000mz_msms10_standard.raw	170715_AM_AUT01-DN15_SmallIntestine_Tue39L243_10_DDA_3_400-1000mz_msms10_standard.mzML	Carbamidomethyl (C)	Oxidation (M)	Data-Dependent Acquisition	label free sample	5	ppm	0.02	Da	HCD	unspecific cleavage
/mnt/daicx/pvc-afbfaa68-aa52-416c-b273-64fb016fd745/PXD019463/170817_AM_AUT01-DN11_Tongue_Tue39L243_10_DDA_1_400-1000mz_msms19_standard.raw	170817_AM_AUT01-DN11_Tongue_Tue39L243_10_DDA_1_400-1000mz_msms19_standard.mzML	Carbamidomethyl (C)	Oxidation (M)	Data-Dependent Acquisition	label free sample	5	ppm	0.02	Da	HCD	unspecific cleavage
/mnt/daicx/pvc-afbfaa68-aa52-416c-b273-64fb016fd745/PXD019463/170817_AM_AUT01-DN11_Tongue_Tue39L243_10_DDA_2_400-1000mz_msms20_standard.raw	170817_AM_AUT01-DN11_Tongue_Tue39L243_10_DDA_2_400-1000mz_msms20_standard.mzML	Carbamidomethyl (C)	Oxidation (M)	Data-Dependent Acquisition	label free sample	5	ppm	0.02	Da	HCD	unspecific cleavage
/mnt/daicx/pvc-afbfaa68-aa52-416c-b273-64fb016fd745/PXD019463/170817_AM_AUT01-DN11_Tongue_Tue39L243_10_DDA_3_400-1000mz_msms21_standard.raw	170817_AM_AUT01-DN11_Tongue_Tue39L243_10_DDA_3_400-1000mz_msms21_standard.mzML	Carbamidomethyl (C)	Oxidation (M)	Data-Dependent Acquisition	label free sample	5	ppm	0.02	Da	HCD	unspecific cleavage
/mnt/daicx/pvc-afbfaa68-aa52-416c-b273-64fb016fd745/PXD019463/170827_AM_AUT01-DN12_AdrenalGland_Tue39L243_10_DDA_1_400-1000mz_msms7_standard.raw	170827_AM_AUT01-DN12_AdrenalGland_Tue39L243_10_DDA_1_400-1000mz_msms7_standard.mzML	Carbamidomethyl (C)	Oxidation (M)	Data-Dependent Acquisition	label free sample	5	ppm	0.02	Da	HCD	unspecific cleavage
/mnt/daicx/pvc-afbfaa68-aa52-416c-b273-64fb016fd745/PXD019463/170827_AM_AUT01-DN12_AdrenalGland_Tue39L243_10_DDA_2_400-1000mz_msms8_standard.raw	170827_AM_AUT01-DN12_AdrenalGland_Tue39L243_10_DDA_2_400-1000mz_msms8_standard.mzML	Carbamidomethyl (C)	Oxidation (M)	Data-Dependent Acquisition	label free sample	5	ppm	0.02	Da	HCD	unspecific cleavage
/mnt/daicx/pvc-afbfaa68-aa52-416c-b273-64fb016fd745/PXD019463/170827_AM_AUT01-DN12_AdrenalGland_Tue39L243_10_DDA_3_400-1000mz_msms9_standard.raw	170827_AM_AUT01-DN12_AdrenalGland_Tue39L243_10_DDA_3_400-1000mz_msms9_standard.mzML	Carbamidomethyl (C)	Oxidation (M)	Data-Dependent Acquisition	label free sample	5	ppm	0.02	Da	HCD	unspecific cleavage
/mnt/daicx/pvc-afbfaa68-aa52-416c-b273-64fb016fd745/PXD019463/170704_AM_AUT01-DN12_Bladder_Tue39L243_10_DDA_1_400-1000mz_msms1_standard.raw	170704_AM_AUT01-DN12_Bladder_Tue39L243_10_DDA_1_400-1000mz_msms1_standard.mzML	Carbamidomethyl (C)	Oxidation (M)	Data-Dependent Acquisition	label free sample	5	ppm	0.02	Da	HCD	unspecific cleavage
/mnt/daicx/pvc-afbfaa68-aa52-416c-b273-64fb016fd745/PXD019463/170704_AM_AUT01-DN12_Bladder_Tue39L243_10_DDA_2_400-1000mz_msms2_standard.raw	170704_AM_AUT01-DN12_Bladder_Tue39L243_10_DDA_2_400-1000mz_msms2_standard.mzML	Carbamidomethyl (C)	Oxidation (M)	Data-Dependent Acquisition	label free sample	5	ppm	0.02	Da	HCD	unspecific cleavage
/mnt/daicx/pvc-afbfaa68-aa52-416c-b273-64fb016fd745/PXD019463/170704_AM_AUT01-DN12_Bladder_Tue39L243_10_DDA_3_400-1000mz_msms3_standard.raw	170704_AM_AUT01-DN12_Bladder_Tue39L243_10_DDA_3_400-1000mz_msms3_standard.mzML	Carbamidomethyl (C)	Oxidation (M)	Data-Dependent Acquisition	label free sample	5	ppm	0.02	Da	HCD	unspecific cleavage
/mnt/daicx/pvc-afbfaa68-aa52-416c-b273-64fb016fd745/PXD019463/180529_AM_AUT01-DN09_Colon_Tue39L243_10_DDA_1_400-1000mz_msms16_standard.raw	180529_AM_AUT01-DN09_Colon_Tue39L243_10_DDA_1_400-1000mz_msms16_standard.mzML	Carbamidomethyl (C)	Oxidation (M)	Data-Dependent Acquisition	label free sample	5	ppm	0.02	Da	HCD	unspecific cleavage
/mnt/daicx/pvc-afbfaa68-aa52-416c-b273-64fb016fd745/PXD019463/180529_AM_AUT01-DN09_Colon_Tue39L243_10_DDA_2_400-1000mz_msms17_standard.raw	180529_AM_AUT01-DN09_Colon_Tue39L243_10_DDA_2_400-1000mz_msms17_standard.mzML	Carbamidomethyl (C)	Oxidation (M)	Data-Dependent Acquisition	label free sample	5	ppm	0.02	Da	HCD	unspecific cleavage
/mnt/daicx/pvc-afbfaa68-aa52-416c-b273-64fb016fd745/PXD019463/180529_AM_AUT01-DN09_Colon_Tue39L243_10_DDA_3_400-1000mz_msms18_standard.raw	180529_AM_AUT01-DN09_Colon_Tue39L243_10_DDA_3_400-1000mz_msms18_standard.mzML	Carbamidomethyl (C)	Oxidation (M)	Data-Dependent Acquisition	label free sample	5	ppm	0.02	Da	HCD	unspecific cleavage
/mnt/daicx/pvc-afbfaa68-aa52-416c-b273-64fb016fd745/PXD019463/170918_AM_AUT01-DN09_Prostate_Tue39L243_8_DDA_1_400-1000mz_msms5_standard.raw	170918_AM_AUT01-DN09_Prostate_Tue39L243_8_DDA_1_400-1000mz_msms5_standard.mzML	Carbamidomethyl (C)	Oxidation (M)	Data-Dependent Acquisition	label free sample	5	ppm	0.02	Da	HCD	unspecific cleavage
/mnt/daicx/pvc-afbfaa68-aa52-416c-b273-64fb016fd745/PXD019463/170918_AM_AUT01-DN09_Prostate_Tue39L243_8_DDA_2_400-1000mz_msms6_standard.raw	170918_AM_AUT01-DN09_Prostate_Tue39L243_8_DDA_2_400-1000mz_msms6_standard.mzML	Carbamidomethyl (C)	Oxidation (M)	Data-Dependent Acquisition	label free sample	5	ppm	0.02	Da	HCD	unspecific cleavage
/mnt/daicx/pvc-afbfaa68-aa52-416c-b273-64fb016fd745/PXD019463/170918_AM_AUT01-DN09_Prostate_Tue39L243_8_DDA_3_400-1000mz_msms7_standard.raw	170918_AM_AUT01-DN09_Prostate_Tue39L243_8_DDA_3_400-1000mz_msms7_standard.mzML	Carbamidomethyl (C)	Oxidation (M)	Data-Dependent Acquisition	label free sample	5	ppm	0.02	Da	HCD	unspecific cleavage
/mnt/daicx/pvc-afbfaa68-aa52-416c-b273-64fb016fd745/PXD019463/171116_AM_AUT01-DN11_Muscle_Tue39L243_10_DDA_1new_400-1000mz_msms28_standard.raw	171116_AM_AUT01-DN11_Muscle_Tue39L243_10_DDA_1new_400-1000mz_msms28_standard.mzML	Carbamidomethyl (C)	Oxidation (M)	Data-Dependent Acquisition	label free sample	5	ppm	0.02	Da	HCD	unspecific cleavage
/mnt/daicx/pvc-afbfaa68-aa52-416c-b273-64fb016fd745/PXD019463/171116_AM_AUT01-DN11_Muscle_Tue39L243_10_DDA_2_400-1000mz_msms24_standard.raw	171116_AM_AUT01-DN11_Muscle_Tue39L243_10_DDA_2_400-1000mz_msms24_standard.mzML	Carbamidomethyl (C)	Oxidation (M)	Data-Dependent Acquisition	label free sample	5	ppm	0.02	Da	HCD	unspecific cleavage
/mnt/daicx/pvc-afbfaa68-aa52-416c-b273-64fb016fd745/PXD019463/171116_AM_AUT01-DN11_Muscle_Tue39L243_10_DDA_3_400-1000mz_msms25_standard.raw	171116_AM_AUT01-DN11_Muscle_Tue39L243_10_DDA_3_400-1000mz_msms25_standard.mzML	Carbamidomethyl (C)	Oxidation (M)	Data-Dependent Acquisition	label free sample	5	ppm	0.02	Da	HCD	unspecific cleavage
/mnt/daicx/pvc-afbfaa68-aa52-416c-b273-64fb016fd745/PXD019463/170907_AM_AUT01-DN15_Esophagus_Tue39L243_10_DDA_1_400-1000mz_msms7_standard.raw	170907_AM_AUT01-DN15_Esophagus_Tue39L243_10_DDA_1_400-1000mz_msms7_standard.mzML	Carbamidomethyl (C)	Oxidation (M)	Data-Dependent Acquisition	label free sample	5	ppm	0.02	Da	HCD	unspecific cleavage
/mnt/daicx/pvc-afbfaa68-aa52-416c-b273-64fb016fd745/PXD019463/170907_AM_AUT01-DN15_Esophagus_Tue39L243_10_DDA_2_400-1000mz_msms8_standard.raw	170907_AM_AUT01-DN15_Esophagus_Tue39L243_10_DDA_2_400-1000mz_msms8_standard.mzML	Carbamidomethyl (C)	Oxidation (M)	Data-Dependent Acquisition	label free sample	5	ppm	0.02	Da	HCD	unspecific cleavage
/mnt/daicx/pvc-afbfaa68-aa52-416c-b273-64fb016fd745/PXD019463/170907_AM_AUT01-DN15_Esophagus_Tue39L243_10_DDA_3_400-1000mz_msms9_standard.raw	170907_AM_AUT01-DN15_Esophagus_Tue39L243_10_DDA_3_400-1000mz_msms9_standard.mzML	Carbamidomethyl (C)	Oxidation (M)	Data-Dependent Acquisition	label free sample	5	ppm	0.02	Da	HCD	unspecific cleavage
/mnt/daicx/pvc-afbfaa68-aa52-416c-b273-64fb016fd745/PXD019463/170513_AM_AUT01-DN14_Brain_Tue39L243_10_DDA_1_400-1000mz_msms7_standard.raw	170513_AM_AUT01-DN14_Brain_Tue39L243_10_DDA_1_400-1000mz_msms7_standard.mzML	Carbamidomethyl (C)	Oxidation (M)	Data-Dependent Acquisition	label free sample	5	ppm	0.02	Da	HCD	unspecific cleavage
/mnt/daicx/pvc-afbfaa68-aa52-416c-b273-64fb016fd745/PXD019463/170513_AM_AUT01-DN14_Brain_Tue39L243_10_DDA_2_400-1000mz_msms8_standard.raw	170513_AM_AUT01-DN14_Brain_Tue39L243_10_DDA_2_400-1000mz_msms8_standard.mzML	Carbamidomethyl (C)	Oxidation (M)	Data-Dependent Acquisition	label free sample	5	ppm	0.02	Da	HCD	unspecific cleavage
/mnt/daicx/pvc-afbfaa68-aa52-416c-b273-64fb016fd745/PXD019463/170513_AM_AUT01-DN14_Brain_Tue39L243_10_DDA_3_400-1000mz_msms9_standard.raw	170513_AM_AUT01-DN14_Brain_Tue39L243_10_DDA_3_400-1000mz_msms9_standard.mzML	Carbamidomethyl (C)	Oxidation (M)	Data-Dependent Acquisition	label free sample	5	ppm	0.02	Da	HCD	unspecific cleavage
/mnt/daicx/pvc-afbfaa68-aa52-416c-b273-64fb016fd745/PXD019463/170804_AM_AUT01-DN09_Aorta_Tue39L243_10_DDA_1_400-1000mz_msms40_standard.raw	170804_AM_AUT01-DN09_Aorta_Tue39L243_10_DDA_1_400-1000mz_msms40_standard.mzML	Carbamidomethyl (C)	Oxidation (M)	Data-Dependent Acquisition	label free sample	5	ppm	0.02	Da	HCD	unspecific cleavage
/mnt/daicx/pvc-afbfaa68-aa52-416c-b273-64fb016fd745/PXD019463/170804_AM_AUT01-DN09_Aorta_Tue39L243_10_DDA_2_400-1000mz_msms41_standard.raw	170804_AM_AUT01-DN09_Aorta_Tue39L243_10_DDA_2_400-1000mz_msms41_standard.mzML	Carbamidomethyl (C)	Oxidation (M)	Data-Dependent Acquisition	label free sample	5	ppm	0.02	Da	HCD	unspecific cleavage
/mnt/daicx/pvc-afbfaa68-aa52-416c-b273-64fb016fd745/PXD019463/170804_AM_AUT01-DN09_Aorta_Tue39L243_10_DDA_3_400-1000mz_msms42_standard.raw	170804_AM_AUT01-DN09_Aorta_Tue39L243_10_DDA_3_400-1000mz_msms42_standard.mzML	Carbamidomethyl (C)	Oxidation (M)	Data-Dependent Acquisition	label free sample	5	ppm	0.02	Da	HCD	unspecific cleavage
/mnt/daicx/pvc-afbfaa68-aa52-416c-b273-64fb016fd745/PXD019463/170907_AM_AUT01-DN04_Ovary_Tue39L243_10_DDA_1_400-1000mz_msms19_standard.raw	170907_AM_AUT01-DN04_Ovary_Tue39L243_10_DDA_1_400-1000mz_msms19_standard.mzML	Carbamidomethyl (C)	Oxidation (M)	Data-Dependent Acquisition	label free sample	5	ppm	0.02	Da	HCD	unspecific cleavage
/mnt/daicx/pvc-afbfaa68-aa52-416c-b273-64fb016fd745/PXD019463/170907_AM_AUT01-DN04_Ovary_Tue39L243_10_DDA_2_400-1000mz_msms20_standard.raw	170907_AM_AUT01-DN04_Ovary_Tue39L243_10_DDA_2_400-1000mz_msms20_standard.mzML	Carbamidomethyl (C)	Oxidation (M)	Data-Dependent Acquisition	label free sample	5	ppm	0.02	Da	HCD	unspecific cleavage
/mnt/daicx/pvc-afbfaa68-aa52-416c-b273-64fb016fd745/PXD019463/170907_AM_AUT01-DN04_Ovary_Tue39L243_10_DDA_3_400-1000mz_msms21_standard.raw	170907_AM_AUT01-DN04_Ovary_Tue39L243_10_DDA_3_400-1000mz_msms21_standard.mzML	Carbamidomethyl (C)	Oxidation (M)	Data-Dependent Acquisition	label free sample	5	ppm	0.02	Da	HCD	unspecific cleavage
/mnt/daicx/pvc-afbfaa68-aa52-416c-b273-64fb016fd745/PXD019463/170413_AM_AUT01-DN12_Kidney_Tue39L243_10_DDA_1_400-1000mz_msms5_standard.raw	170413_AM_AUT01-DN12_Kidney_Tue39L243_10_DDA_1_400-1000mz_msms5_standard.mzML	Carbamidomethyl (C)	Oxidation (M)	Data-Dependent Acquisition	label free sample	5	ppm	0.02	Da	HCD	unspecific cleavage
/mnt/daicx/pvc-afbfaa68-aa52-416c-b273-64fb016fd745/PXD019463/170413_AM_AUT01-DN12_Kidney_Tue39L243_10_DDA_2_400-1000mz_msms6_standard.raw	170413_AM_AUT01-DN12_Kidney_Tue39L243_10_DDA_2_400-1000mz_msms6_standard.mzML	Carbamidomethyl (C)	Oxidation (M)	Data-Dependent Acquisition	label free sample	5	ppm	0.02	Da	HCD	unspecific cleavage
/mnt/daicx/pvc-afbfaa68-aa52-416c-b273-64fb016fd745/PXD019463/170413_AM_AUT01-DN12_Kidney_Tue39L243_10_DDA_3_400-1000mz_msms7_standard.raw	170413_AM_AUT01-DN12_Kidney_Tue39L243_10_DDA_3_400-1000mz_msms7_standard.mzML	Carbamidomethyl (C)	Oxidation (M)	Data-Dependent Acquisition	label free sample	5	ppm	0.02	Da	HCD	unspecific cleavage
/mnt/daicx/pvc-afbfaa68-aa52-416c-b273-64fb016fd745/PXD019463/170424_AM_AUT01-DN17_BoneMarrow_Tue39L243_10_DDA_1_400-1000mz_msms24_standard.raw	170424_AM_AUT01-DN17_BoneMarrow_Tue39L243_10_DDA_1_400-1000mz_msms24_standard.mzML	Carbamidomethyl (C)	Oxidation (M)	Data-Dependent Acquisition	label free sample	5	ppm	0.02	Da	HCD	unspecific cleavage
/mnt/daicx/pvc-afbfaa68-aa52-416c-b273-64fb016fd745/PXD019463/170424_AM_AUT01-DN17_BoneMarrow_Tue39L243_10_DDA_2_400-1000mz_msms25_standard.raw	170424_AM_AUT01-DN17_BoneMarrow_Tue39L243_10_DDA_2_400-1000mz_msms25_standard.mzML	Carbamidomethyl (C)	Oxidation (M)	Data-Dependent Acquisition	label free sample	5	ppm	0.02	Da	HCD	unspecific cleavage
/mnt/daicx/pvc-afbfaa68-aa52-416c-b273-64fb016fd745/PXD019463/170424_AM_AUT01-DN17_BoneMarrow_Tue39L243_10_DDA_3_400-1000mz_msms26_standard.raw	170424_AM_AUT01-DN17_BoneMarrow_Tue39L243_10_DDA_3_400-1000mz_msms26_standard.mzML	Carbamidomethyl (C)	Oxidation (M)	Data-Dependent Acquisition	label free sample	5	ppm	0.02	Da	HCD	unspecific cleavage
/mnt/daicx/pvc-afbfaa68-aa52-416c-b273-64fb016fd745/PXD019463/160613_DK_AUT01-DN08_Thyroid_Tue39L243_20_DDA_1_400-1000mz_msms7_standard.raw	160613_DK_AUT01-DN08_Thyroid_Tue39L243_20_DDA_1_400-1000mz_msms7_standard.mzML	Carbamidomethyl (C)	Oxidation (M)	Data-Dependent Acquisition	label free sample	5	ppm	0.02	Da	HCD	unspecific cleavage
/mnt/daicx/pvc-afbfaa68-aa52-416c-b273-64fb016fd745/PXD019463/160613_DK_AUT01-DN08_Thyroid_Tue39L243_20_DDA_2_400-1000mz_msms8_standard.raw	160613_DK_AUT01-DN08_Thyroid_Tue39L243_20_DDA_2_400-1000mz_msms8_standard.mzML	Carbamidomethyl (C)	Oxidation (M)	Data-Dependent Acquisition	label free sample	5	ppm	0.02	Da	HCD	unspecific cleavage
/mnt/daicx/pvc-afbfaa68-aa52-416c-b273-64fb016fd745/PXD019463/160613_DK_AUT01-DN08_Thyroid_Tue39L243_20_DDA_3_400-1000mz_msms9_standard.raw	160613_DK_AUT01-DN08_Thyroid_Tue39L243_20_DDA_3_400-1000mz_msms9_standard.mzML	Carbamidomethyl (C)	Oxidation (M)	Data-Dependent Acquisition	label free sample	5	ppm	0.02	Da	HCD	unspecific cleavage
/mnt/daicx/pvc-afbfaa68-aa52-416c-b273-64fb016fd745/PXD019463/160906_AM_AUT01-DN13_Lung_Tue39L243_10_DDA_1_400-1000mz_msms24_standard.raw	160906_AM_AUT01-DN13_Lung_Tue39L243_10_DDA_1_400-1000mz_msms24_standard.mzML	Carbamidomethyl (C)	Oxidation (M)	Data-Dependent Acquisition	label free sample	5	ppm	0.02	Da	HCD	unspecific cleavage
/mnt/daicx/pvc-afbfaa68-aa52-416c-b273-64fb016fd745/PXD019463/160906_AM_AUT01-DN13_Lung_Tue39L243_10_DDA_2_400-1000mz_msms25_standard.raw	160906_AM_AUT01-DN13_Lung_Tue39L243_10_DDA_2_400-1000mz_msms25_standard.mzML	Carbamidomethyl (C)	Oxidation (M)	Data-Dependent Acquisition	label free sample	5	ppm	0.02	Da	HCD	unspecific cleavage
/mnt/daicx/pvc-afbfaa68-aa52-416c-b273-64fb016fd745/PXD019463/160906_AM_AUT01-DN13_Lung_Tue39L243_10_DDA_3_400-1000mz_msms26_standard.raw	160906_AM_AUT01-DN13_Lung_Tue39L243_10_DDA_3_400-1000mz_msms26_standard.mzML	Carbamidomethyl (C)	Oxidation (M)	Data-Dependent Acquisition	label free sample	5	ppm	0.02	Da	HCD	unspecific cleavage
/mnt/daicx/pvc-afbfaa68-aa52-416c-b273-64fb016fd745/PXD019463/171010_AM_AUT01-DN17_Lung_Tue39L243_10_DDA_1_400-1000mz_msms16_standard.raw	171010_AM_AUT01-DN17_Lung_Tue39L243_10_DDA_1_400-1000mz_msms16_standard.mzML	Carbamidomethyl (C)	Oxidation (M)	Data-Dependent Acquisition	label free sample	5	ppm	0.02	Da	HCD	unspecific cleavage
/mnt/daicx/pvc-afbfaa68-aa52-416c-b273-64fb016fd745/PXD019463/171010_AM_AUT01-DN17_Lung_Tue39L243_10_DDA_2_400-1000mz_msms17_standard.raw	171010_AM_AUT01-DN17_Lung_Tue39L243_10_DDA_2_400-1000mz_msms17_standard.mzML	Carbamidomethyl (C)	Oxidation (M)	Data-Dependent Acquisition	label free sample	5	ppm	0.02	Da	HCD	unspecific cleavage
/mnt/daicx/pvc-afbfaa68-aa52-416c-b273-64fb016fd745/PXD019463/171010_AM_AUT01-DN17_Lung_Tue39L243_10_DDA_3_400-1000mz_msms18_standard.raw	171010_AM_AUT01-DN17_Lung_Tue39L243_10_DDA_3_400-1000mz_msms18_standard.mzML	Carbamidomethyl (C)	Oxidation (M)	Data-Dependent Acquisition	label free sample	5	ppm	0.02	Da	HCD	unspecific cleavage
/mnt/daicx/pvc-afbfaa68-aa52-416c-b273-64fb016fd745/PXD019463/160316_DK_AUT01-DN02_SmallIntestine_Tue39L243_8_DDA_1_400-1000mz_msms13_standard.raw	160316_DK_AUT01-DN02_SmallIntestine_Tue39L243_8_DDA_1_400-1000mz_msms13_standard.mzML	Carbamidomethyl (C)	Oxidation (M)	Data-Dependent Acquisition	label free sample	5	ppm	0.02	Da	HCD	unspecific cleavage
/mnt/daicx/pvc-afbfaa68-aa52-416c-b273-64fb016fd745/PXD019463/160316_DK_AUT01-DN02_SmallIntestine_Tue39L243_8_DDA_2_400-1000mz_msms14_standard.raw	160316_DK_AUT01-DN02_SmallIntestine_Tue39L243_8_DDA_2_400-1000mz_msms14_standard.mzML	Carbamidomethyl (C)	Oxidation (M)	Data-Dependent Acquisition	label free sample	5	ppm	0.02	Da	HCD	unspecific cleavage
/mnt/daicx/pvc-afbfaa68-aa52-416c-b273-64fb016fd745/PXD019463/160316_DK_AUT01-DN02_SmallIntestine_Tue39L243_8_DDA_3_400-1000mz_msms15_standard.raw	160316_DK_AUT01-DN02_SmallIntestine_Tue39L243_8_DDA_3_400-1000mz_msms15_standard.mzML	Carbamidomethyl (C)	Oxidation (M)	Data-Dependent Acquisition	label free sample	5	ppm	0.02	Da	HCD	unspecific cleavage
/mnt/daicx/pvc-afbfaa68-aa52-416c-b273-64fb016fd745/PXD019463/160927_AM_AUT01-DN06_Tongue_Tue39L243_10_DDA_1_400-1000mz_msms31_standard.raw	160927_AM_AUT01-DN06_Tongue_Tue39L243_10_DDA_1_400-1000mz_msms31_standard.mzML	Carbamidomethyl (C)	Oxidation (M)	Data-Dependent Acquisition	label free sample	5	ppm	0.02	Da	HCD	unspecific cleavage
/mnt/daicx/pvc-afbfaa68-aa52-416c-b273-64fb016fd745/PXD019463/160927_AM_AUT01-DN06_Tongue_Tue39L243_10_DDA_2_400-1000mz_msms32_standard.raw	160927_AM_AUT01-DN06_Tongue_Tue39L243_10_DDA_2_400-1000mz_msms32_standard.mzML	Carbamidomethyl (C)	Oxidation (M)	Data-Dependent Acquisition	label free sample	5	ppm	0.02	Da	HCD	unspecific cleavage
/mnt/daicx/pvc-afbfaa68-aa52-416c-b273-64fb016fd745/PXD019463/160927_AM_AUT01-DN06_Tongue_Tue39L243_10_DDA_3_400-1000mz_msms33_standard.raw	160927_AM_AUT01-DN06_Tongue_Tue39L243_10_DDA_3_400-1000mz_msms33_standard.mzML	Carbamidomethyl (C)	Oxidation (M)	Data-Dependent Acquisition	label free sample	5	ppm	0.02	Da	HCD	unspecific cleavage
/mnt/daicx/pvc-afbfaa68-aa52-416c-b273-64fb016fd745/PXD019463/161230_AM_AUT01-DN13_LymphNode_Tue39L243_20_DDA_1_400-1000mz_msms23_standard.raw	161230_AM_AUT01-DN13_LymphNode_Tue39L243_20_DDA_1_400-1000mz_msms23_standard.mzML	Carbamidomethyl (C)	Oxidation (M)	Data-Dependent Acquisition	label free sample	5	ppm	0.02	Da	HCD	unspecific cleavage
/mnt/daicx/pvc-afbfaa68-aa52-416c-b273-64fb016fd745/PXD019463/161230_AM_AUT01-DN13_LymphNode_Tue39L243_20_DDA_2_400-1000mz_msms24_standard.raw	161230_AM_AUT01-DN13_LymphNode_Tue39L243_20_DDA_2_400-1000mz_msms24_standard.mzML	Carbamidomethyl (C)	Oxidation (M)	Data-Dependent Acquisition	label free sample	5	ppm	0.02	Da	HCD	unspecific cleavage
/mnt/daicx/pvc-afbfaa68-aa52-416c-b273-64fb016fd745/PXD019463/161230_AM_AUT01-DN13_LymphNode_Tue39L243_20_DDA_3_400-1000mz_msms25_standard.raw	161230_AM_AUT01-DN13_LymphNode_Tue39L243_20_DDA_3_400-1000mz_msms25_standard.mzML	Carbamidomethyl (C)	Oxidation (M)	Data-Dependent Acquisition	label free sample	5	ppm	0.02	Da	HCD	unspecific cleavage
/mnt/daicx/pvc-afbfaa68-aa52-416c-b273-64fb016fd745/PXD019463/180928_AM_AUT01-DN03_Aorta_Tue39L243_NA_DDA_1_400-1000mz_msms8_Refill.raw	180928_AM_AUT01-DN03_Aorta_Tue39L243_NA_DDA_1_400-1000mz_msms8_Refill.mzML	Carbamidomethyl (C)	Oxidation (M)	Data-Dependent Acquisition	label free sample	5	ppm	0.02	Da	HCD	unspecific cleavage
/mnt/daicx/pvc-afbfaa68-aa52-416c-b273-64fb016fd745/PXD019463/180928_AM_AUT01-DN03_Aorta_Tue39L243_NA_DDA_2_400-1000mz_msms9_Refill.raw	180928_AM_AUT01-DN03_Aorta_Tue39L243_NA_DDA_2_400-1000mz_msms9_Refill.mzML	Carbamidomethyl (C)	Oxidation (M)	Data-Dependent Acquisition	label free sample	5	ppm	0.02	Da	HCD	unspecific cleavage
/mnt/daicx/pvc-afbfaa68-aa52-416c-b273-64fb016fd745/PXD019463/180928_AM_AUT01-DN03_Aorta_Tue39L243_NA_DDA_3_400-1000mz_msms10_Refill.raw	180928_AM_AUT01-DN03_Aorta_Tue39L243_NA_DDA_3_400-1000mz_msms10_Refill.mzML	Carbamidomethyl (C)	Oxidation (M)	Data-Dependent Acquisition	label free sample	5	ppm	0.02	Da	HCD	unspecific cleavage
/mnt/daicx/pvc-afbfaa68-aa52-416c-b273-64fb016fd745/PXD019463/170509_AM_AUT01-DN04_Cerebellum_Tue39L243_10_DDA_1_400-1000mz_msms24_standard.raw	170509_AM_AUT01-DN04_Cerebellum_Tue39L243_10_DDA_1_400-1000mz_msms24_standard.mzML	Carbamidomethyl (C)	Oxidation (M)	Data-Dependent Acquisition	label free sample	5	ppm	0.02	Da	HCD	unspecific cleavage
/mnt/daicx/pvc-afbfaa68-aa52-416c-b273-64fb016fd745/PXD019463/170509_AM_AUT01-DN04_Cerebellum_Tue39L243_10_DDA_2_400-1000mz_msms25_standard.raw	170509_AM_AUT01-DN04_Cerebellum_Tue39L243_10_DDA_2_400-1000mz_msms25_standard.mzML	Carbamidomethyl (C)	Oxidation (M)	Data-Dependent Acquisition	label free sample	5	ppm	0.02	Da	HCD	unspecific cleavage
/mnt/daicx/pvc-afbfaa68-aa52-416c-b273-64fb016fd745/PXD019463/170509_AM_AUT01-DN04_Cerebellum_Tue39L243_10_DDA_3_400-1000mz_msms26_standard.raw	170509_AM_AUT01-DN04_Cerebellum_Tue39L243_10_DDA_3_400-1000mz_msms26_standard.mzML	Carbamidomethyl (C)	Oxidation (M)	Data-Dependent Acquisition	label free sample	5	ppm	0.02	Da	HCD	unspecific cleavage
/mnt/daicx/pvc-afbfaa68-aa52-416c-b273-64fb016fd745/PXD019463/160625_DK_AUT01-DN08_SmallIntestine_Tue39L243_20_DDA_1_400-1000mz_msms26_Jejunum.raw	160625_DK_AUT01-DN08_SmallIntestine_Tue39L243_20_DDA_1_400-1000mz_msms26_Jejunum.mzML	Carbamidomethyl (C)	Oxidation (M)	Data-Dependent Acquisition	label free sample	5	ppm	0.02	Da	HCD	unspecific cleavage
/mnt/daicx/pvc-afbfaa68-aa52-416c-b273-64fb016fd745/PXD019463/160625_DK_AUT01-DN08_SmallIntestine_Tue39L243_20_DDA_2_400-1000mz_msms27_Jejunum.raw	160625_DK_AUT01-DN08_SmallIntestine_Tue39L243_20_DDA_2_400-1000mz_msms27_Jejunum.mzML	Carbamidomethyl (C)	Oxidation (M)	Data-Dependent Acquisition	label free sample	5	ppm	0.02	Da	HCD	unspecific cleavage
/mnt/daicx/pvc-afbfaa68-aa52-416c-b273-64fb016fd745/PXD019463/160625_DK_AUT01-DN08_SmallIntestine_Tue39L243_20_DDA_3_400-1000mz_msms28_Jejunum.raw	160625_DK_AUT01-DN08_SmallIntestine_Tue39L243_20_DDA_3_400-1000mz_msms28_Jejunum.mzML	Carbamidomethyl (C)	Oxidation (M)	Data-Dependent Acquisition	label free sample	5	ppm	0.02	Da	HCD	unspecific cleavage
/mnt/daicx/pvc-afbfaa68-aa52-416c-b273-64fb016fd745/PXD019463/160902_AM_AUT01-DN06_Lung_Tue39L243_10_DDA_1_400-1000mz_msms8_standard.raw	160902_AM_AUT01-DN06_Lung_Tue39L243_10_DDA_1_400-1000mz_msms8_standard.mzML	Carbamidomethyl (C)	Oxidation (M)	Data-Dependent Acquisition	label free sample	5	ppm	0.02	Da	HCD	unspecific cleavage
/mnt/daicx/pvc-afbfaa68-aa52-416c-b273-64fb016fd745/PXD019463/160902_AM_AUT01-DN06_Lung_Tue39L243_10_DDA_2_400-1000mz_msms9_standard.raw	160902_AM_AUT01-DN06_Lung_Tue39L243_10_DDA_2_400-1000mz_msms9_standard.mzML	Carbamidomethyl (C)	Oxidation (M)	Data-Dependent Acquisition	label free sample	5	ppm	0.02	Da	HCD	unspecific cleavage
/mnt/daicx/pvc-afbfaa68-aa52-416c-b273-64fb016fd745/PXD019463/160902_AM_AUT01-DN06_Lung_Tue39L243_10_DDA_3_400-1000mz_msms10_standard.raw	160902_AM_AUT01-DN06_Lung_Tue39L243_10_DDA_3_400-1000mz_msms10_standard.mzML	Carbamidomethyl (C)	Oxidation (M)	Data-Dependent Acquisition	label free sample	5	ppm	0.02	Da	HCD	unspecific cleavage
/mnt/daicx/pvc-afbfaa68-aa52-416c-b273-64fb016fd745/PXD019463/191116_AMLM_THY01-DN5_Thymus_Tue39L243_10_DDA_1_400-1000mz_msms17_standard.raw	191116_AMLM_THY01-DN5_Thymus_Tue39L243_10_DDA_1_400-1000mz_msms17_standard.mzML	Carbamidomethyl (C)	Oxidation (M)	Data-Dependent Acquisition	label free sample	5	ppm	0.02	Da	HCD	unspecific cleavage
/mnt/daicx/pvc-afbfaa68-aa52-416c-b273-64fb016fd745/PXD019463/191116_AMLM_THY01-DN5_Thymus_Tue39L243_10_DDA_2_400-1000mz_msms18_standard.raw	191116_AMLM_THY01-DN5_Thymus_Tue39L243_10_DDA_2_400-1000mz_msms18_standard.mzML	Carbamidomethyl (C)	Oxidation (M)	Data-Dependent Acquisition	label free sample	5	ppm	0.02	Da	HCD	unspecific cleavage
/mnt/daicx/pvc-afbfaa68-aa52-416c-b273-64fb016fd745/PXD019463/191116_AMLM_THY01-DN5_Thymus_Tue39L243_10_DDA_3_400-1000mz_msms19_standard.raw	191116_AMLM_THY01-DN5_Thymus_Tue39L243_10_DDA_3_400-1000mz_msms19_standard.mzML	Carbamidomethyl (C)	Oxidation (M)	Data-Dependent Acquisition	label free sample	5	ppm	0.02	Da	HCD	unspecific cleavage
/mnt/daicx/pvc-afbfaa68-aa52-416c-b273-64fb016fd745/PXD019463/170709_AM_AUT01-DN12_Tongue_Tue39L243_10_DDA_1_400-1000mz_msms13_standard.raw	170709_AM_AUT01-DN12_Tongue_Tue39L243_10_DDA_1_400-1000mz_msms13_standard.mzML	Carbamidomethyl (C)	Oxidation (M)	Data-Dependent Acquisition	label free sample	5	ppm	0.02	Da	HCD	unspecific cleavage
/mnt/daicx/pvc-afbfaa68-aa52-416c-b273-64fb016fd745/PXD019463/170709_AM_AUT01-DN12_Tongue_Tue39L243_10_DDA_2_400-1000mz_msms14_standard.raw	170709_AM_AUT01-DN12_Tongue_Tue39L243_10_DDA_2_400-1000mz_msms14_standard.mzML	Carbamidomethyl (C)	Oxidation (M)	Data-Dependent Acquisition	label free sample	5	ppm	0.02	Da	HCD	unspecific cleavage
/mnt/daicx/pvc-afbfaa68-aa52-416c-b273-64fb016fd745/PXD019463/170709_AM_AUT01-DN12_Tongue_Tue39L243_10_DDA_3_400-1000mz_msms15_standard.raw	170709_AM_AUT01-DN12_Tongue_Tue39L243_10_DDA_3_400-1000mz_msms15_standard.mzML	Carbamidomethyl (C)	Oxidation (M)	Data-Dependent Acquisition	label free sample	5	ppm	0.02	Da	HCD	unspecific cleavage
/mnt/daicx/pvc-afbfaa68-aa52-416c-b273-64fb016fd745/PXD019463/160927_AM_AUT01-DN06_Bladder_Tue39L243_10_DDA_1_400-1000mz_msms19_standard.raw	160927_AM_AUT01-DN06_Bladder_Tue39L243_10_DDA_1_400-1000mz_msms19_standard.mzML	Carbamidomethyl (C)	Oxidation (M)	Data-Dependent Acquisition	label free sample	5	ppm	0.02	Da	HCD	unspecific cleavage
/mnt/daicx/pvc-afbfaa68-aa52-416c-b273-64fb016fd745/PXD019463/160927_AM_AUT01-DN06_Bladder_Tue39L243_10_DDA_2_400-1000mz_msms20_standard.raw	160927_AM_AUT01-DN06_Bladder_Tue39L243_10_DDA_2_400-1000mz_msms20_standard.mzML	Carbamidomethyl (C)	Oxidation (M)	Data-Dependent Acquisition	label free sample	5	ppm	0.02	Da	HCD	unspecific cleavage
/mnt/daicx/pvc-afbfaa68-aa52-416c-b273-64fb016fd745/PXD019463/160927_AM_AUT01-DN06_Bladder_Tue39L243_10_DDA_3_400-1000mz_msms21_standard.raw	160927_AM_AUT01-DN06_Bladder_Tue39L243_10_DDA_3_400-1000mz_msms21_standard.mzML	Carbamidomethyl (C)	Oxidation (M)	Data-Dependent Acquisition	label free sample	5	ppm	0.02	Da	HCD	unspecific cleavage
/mnt/daicx/pvc-afbfaa68-aa52-416c-b273-64fb016fd745/PXD019463/170723_AM_AUT01-DN12_Heart_Tue39L243_10_DDA_1_400-1000mz_msms14_standard.raw	170723_AM_AUT01-DN12_Heart_Tue39L243_10_DDA_1_400-1000mz_msms14_standard.mzML	Carbamidomethyl (C)	Oxidation (M)	Data-Dependent Acquisition	label free sample	5	ppm	0.02	Da	HCD	unspecific cleavage
/mnt/daicx/pvc-afbfaa68-aa52-416c-b273-64fb016fd745/PXD019463/170723_AM_AUT01-DN12_Heart_Tue39L243_10_DDA_2_400-1000mz_msms15_standard.raw	170723_AM_AUT01-DN12_Heart_Tue39L243_10_DDA_2_400-1000mz_msms15_standard.mzML	Carbamidomethyl (C)	Oxidation (M)	Data-Dependent Acquisition	label free sample	5	ppm	0.02	Da	HCD	unspecific cleavage
/mnt/daicx/pvc-afbfaa68-aa52-416c-b273-64fb016fd745/PXD019463/170723_AM_AUT01-DN12_Heart_Tue39L243_10_DDA_3_400-1000mz_msms16_standard.raw	170723_AM_AUT01-DN12_Heart_Tue39L243_10_DDA_3_400-1000mz_msms16_standard.mzML	Carbamidomethyl (C)	Oxidation (M)	Data-Dependent Acquisition	label free sample	5	ppm	0.02	Da	HCD	unspecific cleavage
/mnt/daicx/pvc-afbfaa68-aa52-416c-b273-64fb016fd745/PXD019463/180928_AM_AUT01-DN03_Skin_Tue39L243_NA_DDA_1_400-1000mz_msms36_Refill.raw	180928_AM_AUT01-DN03_Skin_Tue39L243_NA_DDA_1_400-1000mz_msms36_Refill.mzML	Carbamidomethyl (C)	Oxidation (M)	Data-Dependent Acquisition	label free sample	5	ppm	0.02	Da	HCD	unspecific cleavage
/mnt/daicx/pvc-afbfaa68-aa52-416c-b273-64fb016fd745/PXD019463/180928_AM_AUT01-DN03_Skin_Tue39L243_NA_DDA_2_400-1000mz_msms37_Refill.raw	180928_AM_AUT01-DN03_Skin_Tue39L243_NA_DDA_2_400-1000mz_msms37_Refill.mzML	Carbamidomethyl (C)	Oxidation (M)	Data-Dependent Acquisition	label free sample	5	ppm	0.02	Da	HCD	unspecific cleavage
/mnt/daicx/pvc-afbfaa68-aa52-416c-b273-64fb016fd745/PXD019463/180928_AM_AUT01-DN03_Skin_Tue39L243_NA_DDA_3_400-1000mz_msms38_Refill.raw	180928_AM_AUT01-DN03_Skin_Tue39L243_NA_DDA_3_400-1000mz_msms38_Refill.mzML	Carbamidomethyl (C)	Oxidation (M)	Data-Dependent Acquisition	label free sample	5	ppm	0.02	Da	HCD	unspecific cleavage
/mnt/daicx/pvc-afbfaa68-aa52-416c-b273-64fb016fd745/PXD019463/170506_AM_AUT01-DN14_Kidney_Tue39L243_10_DDA_1_400-1000mz_msms12_standard.raw	170506_AM_AUT01-DN14_Kidney_Tue39L243_10_DDA_1_400-1000mz_msms12_standard.mzML	Carbamidomethyl (C)	Oxidation (M)	Data-Dependent Acquisition	label free sample	5	ppm	0.02	Da	HCD	unspecific cleavage
/mnt/daicx/pvc-afbfaa68-aa52-416c-b273-64fb016fd745/PXD019463/170506_AM_AUT01-DN14_Kidney_Tue39L243_10_DDA_2_400-1000mz_msms13_standard.raw	170506_AM_AUT01-DN14_Kidney_Tue39L243_10_DDA_2_400-1000mz_msms13_standard.mzML	Carbamidomethyl (C)	Oxidation (M)	Data-Dependent Acquisition	label free sample	5	ppm	0.02	Da	HCD	unspecific cleavage
/mnt/daicx/pvc-afbfaa68-aa52-416c-b273-64fb016fd745/PXD019463/170506_AM_AUT01-DN14_Kidney_Tue39L243_10_DDA_3_400-1000mz_msms14_standard.raw	170506_AM_AUT01-DN14_Kidney_Tue39L243_10_DDA_3_400-1000mz_msms14_standard.mzML	Carbamidomethyl (C)	Oxidation (M)	Data-Dependent Acquisition	label free sample	5	ppm	0.02	Da	HCD	unspecific cleavage
/mnt/daicx/pvc-afbfaa68-aa52-416c-b273-64fb016fd745/PXD019463/160331_DK_AUT01-DN03_Muscle_Tue39L243_8_DDA_1_400-1000mz_msms7_postSCX.raw	160331_DK_AUT01-DN03_Muscle_Tue39L243_8_DDA_1_400-1000mz_msms7_postSCX.mzML	Carbamidomethyl (C)	Oxidation (M)	Data-Dependent Acquisition	label free sample	5	ppm	0.02	Da	HCD	unspecific cleavage
/mnt/daicx/pvc-afbfaa68-aa52-416c-b273-64fb016fd745/PXD019463/160331_DK_AUT01-DN03_Muscle_Tue39L243_8_DDA_2_400-1000mz_msms8_postSCX.raw	160331_DK_AUT01-DN03_Muscle_Tue39L243_8_DDA_2_400-1000mz_msms8_postSCX.mzML	Carbamidomethyl (C)	Oxidation (M)	Data-Dependent Acquisition	label free sample	5	ppm	0.02	Da	HCD	unspecific cleavage
/mnt/daicx/pvc-afbfaa68-aa52-416c-b273-64fb016fd745/PXD019463/160331_DK_AUT01-DN03_Muscle_Tue39L243_8_DDA_3_400-1000mz_msms9_postSCX.raw	160331_DK_AUT01-DN03_Muscle_Tue39L243_8_DDA_3_400-1000mz_msms9_postSCX.mzML	Carbamidomethyl (C)	Oxidation (M)	Data-Dependent Acquisition	label free sample	5	ppm	0.02	Da	HCD	unspecific cleavage
/mnt/daicx/pvc-afbfaa68-aa52-416c-b273-64fb016fd745/PXD019463/170617_AM_AUT01-DN14_Muscle_Tue39L243_10_DDA_1_400-1000mz_msms5_standard.raw	170617_AM_AUT01-DN14_Muscle_Tue39L243_10_DDA_1_400-1000mz_msms5_standard.mzML	Carbamidomethyl (C)	Oxidation (M)	Data-Dependent Acquisition	label free sample	5	ppm	0.02	Da	HCD	unspecific cleavage
/mnt/daicx/pvc-afbfaa68-aa52-416c-b273-64fb016fd745/PXD019463/170617_AM_AUT01-DN14_Muscle_Tue39L243_10_DDA_2_400-1000mz_msms6_standard.raw	170617_AM_AUT01-DN14_Muscle_Tue39L243_10_DDA_2_400-1000mz_msms6_standard.mzML	Carbamidomethyl (C)	Oxidation (M)	Data-Dependent Acquisition	label free sample	5	ppm	0.02	Da	HCD	unspecific cleavage
/mnt/daicx/pvc-afbfaa68-aa52-416c-b273-64fb016fd745/PXD019463/170617_AM_AUT01-DN14_Muscle_Tue39L243_10_DDA_3_400-1000mz_msms7_standard.raw	170617_AM_AUT01-DN14_Muscle_Tue39L243_10_DDA_3_400-1000mz_msms7_standard.mzML	Carbamidomethyl (C)	Oxidation (M)	Data-Dependent Acquisition	label free sample	5	ppm	0.02	Da	HCD	unspecific cleavage
/mnt/daicx/pvc-afbfaa68-aa52-416c-b273-64fb016fd745/PXD019463/171124_AM_AUT01-DN11_Pancreas_Tue39L243_10_DDA_1_400-1000mz_msms27_standard.raw	171124_AM_AUT01-DN11_Pancreas_Tue39L243_10_DDA_1_400-1000mz_msms27_standard.mzML	Carbamidomethyl (C)	Oxidation (M)	Data-Dependent Acquisition	label free sample	5	ppm	0.02	Da	HCD	unspecific cleavage
/mnt/daicx/pvc-afbfaa68-aa52-416c-b273-64fb016fd745/PXD019463/171124_AM_AUT01-DN11_Pancreas_Tue39L243_10_DDA_2_400-1000mz_msms28_standard.raw	171124_AM_AUT01-DN11_Pancreas_Tue39L243_10_DDA_2_400-1000mz_msms28_standard.mzML	Carbamidomethyl (C)	Oxidation (M)	Data-Dependent Acquisition	label free sample	5	ppm	0.02	Da	HCD	unspecific cleavage
/mnt/daicx/pvc-afbfaa68-aa52-416c-b273-64fb016fd745/PXD019463/171124_AM_AUT01-DN11_Pancreas_Tue39L243_10_DDA_3_400-1000mz_msms29_standard.raw	171124_AM_AUT01-DN11_Pancreas_Tue39L243_10_DDA_3_400-1000mz_msms29_standard.mzML	Carbamidomethyl (C)	Oxidation (M)	Data-Dependent Acquisition	label free sample	5	ppm	0.02	Da	HCD	unspecific cleavage
/mnt/daicx/pvc-afbfaa68-aa52-416c-b273-64fb016fd745/PXD019463/161230_AM_AUT01-DN13_SmallIntestine_Tue39L243_10_DDA_1_400-1000mz_msms11_Ischemia-Jejunum.raw	161230_AM_AUT01-DN13_SmallIntestine_Tue39L243_10_DDA_1_400-1000mz_msms11_Ischemia-Jejunum.mzML	Carbamidomethyl (C)	Oxidation (M)	Data-Dependent Acquisition	label free sample	5	ppm	0.02	Da	HCD	unspecific cleavage
/mnt/daicx/pvc-afbfaa68-aa52-416c-b273-64fb016fd745/PXD019463/161230_AM_AUT01-DN13_SmallIntestine_Tue39L243_10_DDA_2_400-1000mz_msms12_Ischemia-Jejunum.raw	161230_AM_AUT01-DN13_SmallIntestine_Tue39L243_10_DDA_2_400-1000mz_msms12_Ischemia-Jejunum.mzML	Carbamidomethyl (C)	Oxidation (M)	Data-Dependent Acquisition	label free sample	5	ppm	0.02	Da	HCD	unspecific cleavage
/mnt/daicx/pvc-afbfaa68-aa52-416c-b273-64fb016fd745/PXD019463/161230_AM_AUT01-DN13_SmallIntestine_Tue39L243_10_DDA_3_400-1000mz_msms13_Ischemia-Jejunum.raw	161230_AM_AUT01-DN13_SmallIntestine_Tue39L243_10_DDA_3_400-1000mz_msms13_Ischemia-Jejunum.mzML	Carbamidomethyl (C)	Oxidation (M)	Data-Dependent Acquisition	label free sample	5	ppm	0.02	Da	HCD	unspecific cleavage
/mnt/daicx/pvc-afbfaa68-aa52-416c-b273-64fb016fd745/PXD019463/181015_AM_AUT01-DN13_SmallIntestine_Tue39L243_10_DDA_1_400-1000mz_msms27_Duodenum.raw	181015_AM_AUT01-DN13_SmallIntestine_Tue39L243_10_DDA_1_400-1000mz_msms27_Duodenum.mzML	Carbamidomethyl (C)	Oxidation (M)	Data-Dependent Acquisition	label free sample	5	ppm	0.02	Da	HCD	unspecific cleavage
/mnt/daicx/pvc-afbfaa68-aa52-416c-b273-64fb016fd745/PXD019463/181015_AM_AUT01-DN13_SmallIntestine_Tue39L243_10_DDA_2_400-1000mz_msms28_Duodenum.mzML	181015_AM_AUT01-DN13_SmallIntestine_Tue39L243_10_DDA_2_400-1000mz_msms28_Duodenum.mzML	Carbamidomethyl (C)	Oxidation (M)	Data-Dependent Acquisition	label free sample	5	ppm	0.02	Da	HCD	unspecific cleavage
/mnt/daicx/pvc-afbfaa68-aa52-416c-b273-64fb016fd745/PXD019463/160927_AM_AUT01-DN06_Brain_Tue39L243_10_DDA_1_400-1000mz_msms43_standard.raw	160927_AM_AUT01-DN06_Brain_Tue39L243_10_DDA_1_400-1000mz_msms43_standard.mzML	Carbamidomethyl (C)	Oxidation (M)	Data-Dependent Acquisition	label free sample	5	ppm	0.02	Da	HCD	unspecific cleavage
/mnt/daicx/pvc-afbfaa68-aa52-416c-b273-64fb016fd745/PXD019463/160927_AM_AUT01-DN06_Brain_Tue39L243_10_DDA_2_400-1000mz_msms44_standard.raw	160927_AM_AUT01-DN06_Brain_Tue39L243_10_DDA_2_400-1000mz_msms44_standard.mzML	Carbamidomethyl (C)	Oxidation (M)	Data-Dependent Acquisition	label free sample	5	ppm	0.02	Da	HCD	unspecific cleavage
/mnt/daicx/pvc-afbfaa68-aa52-416c-b273-64fb016fd745/PXD019463/160927_AM_AUT01-DN06_Brain_Tue39L243_10_DDA_3_400-1000mz_msms45_standard.raw	160927_AM_AUT01-DN06_Brain_Tue39L243_10_DDA_3_400-1000mz_msms45_standard.mzML	Carbamidomethyl (C)	Oxidation (M)	Data-Dependent Acquisition	label free sample	5	ppm	0.02	Da	HCD	unspecific cleavage
/mnt/daicx/pvc-afbfaa68-aa52-416c-b273-64fb016fd745/PXD019463/170802_AM_AUT01-DN04_AdrenalGland_Tue39L243_10_DDA_1_400-1000mz_msms10_standard.raw	170802_AM_AUT01-DN04_AdrenalGland_Tue39L243_10_DDA_1_400-1000mz_msms10_standard.mzML	Carbamidomethyl (C)	Oxidation (M)	Data-Dependent Acquisition	label free sample	5	ppm	0.02	Da	HCD	unspecific cleavage
/mnt/daicx/pvc-afbfaa68-aa52-416c-b273-64fb016fd745/PXD019463/170802_AM_AUT01-DN04_AdrenalGland_Tue39L243_10_DDA_2_400-1000mz_msms11_standard.raw	170802_AM_AUT01-DN04_AdrenalGland_Tue39L243_10_DDA_2_400-1000mz_msms11_standard.mzML	Carbamidomethyl (C)	Oxidation (M)	Data-Dependent Acquisition	label free sample	5	ppm	0.02	Da	HCD	unspecific cleavage
/mnt/daicx/pvc-afbfaa68-aa52-416c-b273-64fb016fd745/PXD019463/170802_AM_AUT01-DN04_AdrenalGland_Tue39L243_10_DDA_3_400-1000mz_msms12_standard.raw	170802_AM_AUT01-DN04_AdrenalGland_Tue39L243_10_DDA_3_400-1000mz_msms12_standard.mzML	Carbamidomethyl (C)	Oxidation (M)	Data-Dependent Acquisition	label free sample	5	ppm	0.02	Da	HCD	unspecific cleavage
/mnt/daicx/pvc-afbfaa68-aa52-416c-b273-64fb016fd745/PXD019463/180530_AM_AUT01-DN09_SmallIntestine_Tue39L243_10_DDA_1_400-1000mz_msms1_standard.raw	180530_AM_AUT01-DN09_SmallIntestine_Tue39L243_10_DDA_1_400-1000mz_msms1_standard.mzML	Carbamidomethyl (C)	Oxidation (M)	Data-Dependent Acquisition	label free sample	5	ppm	0.02	Da	HCD	unspecific cleavage
/mnt/daicx/pvc-afbfaa68-aa52-416c-b273-64fb016fd745/PXD019463/180530_AM_AUT01-DN09_SmallIntestine_Tue39L243_10_DDA_2_400-1000mz_msms2_standard.raw	180530_AM_AUT01-DN09_SmallIntestine_Tue39L243_10_DDA_2_400-1000mz_msms2_standard.mzML	Carbamidomethyl (C)	Oxidation (M)	Data-Dependent Acquisition	label free sample	5	ppm	0.02	Da	HCD	unspecific cleavage
/mnt/daicx/pvc-afbfaa68-aa52-416c-b273-64fb016fd745/PXD019463/180530_AM_AUT01-DN09_SmallIntestine_Tue39L243_10_DDA_3_400-1000mz_msms3_standard.raw	180530_AM_AUT01-DN09_SmallIntestine_Tue39L243_10_DDA_3_400-1000mz_msms3_standard.mzML	Carbamidomethyl (C)	Oxidation (M)	Data-Dependent Acquisition	label free sample	5	ppm	0.02	Da	HCD	unspecific cleavage
/mnt/daicx/pvc-afbfaa68-aa52-416c-b273-64fb016fd745/PXD019463/160316_DK_AUT01-DN02_Thyroid_Tue39L243_8_DDA_1_400-1000mz_msms19_standard.raw	160316_DK_AUT01-DN02_Thyroid_Tue39L243_8_DDA_1_400-1000mz_msms19_standard.mzML	Carbamidomethyl (C)	Oxidation (M)	Data-Dependent Acquisition	label free sample	5	ppm	0.02	Da	HCD	unspecific cleavage
/mnt/daicx/pvc-afbfaa68-aa52-416c-b273-64fb016fd745/PXD019463/160316_DK_AUT01-DN02_Thyroid_Tue39L243_8_DDA_2_400-1000mz_msms20_standard.raw	160316_DK_AUT01-DN02_Thyroid_Tue39L243_8_DDA_2_400-1000mz_msms20_standard.mzML	Carbamidomethyl (C)	Oxidation (M)	Data-Dependent Acquisition	label free sample	5	ppm	0.02	Da	HCD	unspecific cleavage
/mnt/daicx/pvc-afbfaa68-aa52-416c-b273-64fb016fd745/PXD019463/160316_DK_AUT01-DN02_Thyroid_Tue39L243_8_DDA_3_400-1000mz_msms21_standard.raw	160316_DK_AUT01-DN02_Thyroid_Tue39L243_8_DDA_3_400-1000mz_msms21_standard.mzML	Carbamidomethyl (C)	Oxidation (M)	Data-Dependent Acquisition	label free sample	5	ppm	0.02	Da	HCD	unspecific cleavage
/mnt/daicx/pvc-afbfaa68-aa52-416c-b273-64fb016fd745/PXD019463/170612_AM_AUT01-DN14_Thyroid_Tue39L243_10_DDA_1_400-1000mz_msms17_standard.raw	170612_AM_AUT01-DN14_Thyroid_Tue39L243_10_DDA_1_400-1000mz_msms17_standard.mzML	Carbamidomethyl (C)	Oxidation (M)	Data-Dependent Acquisition	label free sample	5	ppm	0.02	Da	HCD	unspecific cleavage
/mnt/daicx/pvc-afbfaa68-aa52-416c-b273-64fb016fd745/PXD019463/170612_AM_AUT01-DN14_Thyroid_Tue39L243_10_DDA_2_400-1000mz_msms20_standard.raw	170612_AM_AUT01-DN14_Thyroid_Tue39L243_10_DDA_2_400-1000mz_msms20_standard.mzML	Carbamidomethyl (C)	Oxidation (M)	Data-Dependent Acquisition	label free sample	5	ppm	0.02	Da	HCD	unspecific cleavage
/mnt/daicx/pvc-afbfaa68-aa52-416c-b273-64fb016fd745/PXD019463/170612_AM_AUT01-DN14_Thyroid_Tue39L243_10_DDA_3_400-1000mz_msms21_standard.raw	170612_AM_AUT01-DN14_Thyroid_Tue39L243_10_DDA_3_400-1000mz_msms21_standard.mzML	Carbamidomethyl (C)	Oxidation (M)	Data-Dependent Acquisition	label free sample	5	ppm	0.02	Da	HCD	unspecific cleavage
/mnt/daicx/pvc-afbfaa68-aa52-416c-b273-64fb016fd745/PXD019463/160902_AM_AUT01-DN06_Thyroid_Tue39L243_10_DDA_1_400-1000mz_msms20_standard.raw	160902_AM_AUT01-DN06_Thyroid_Tue39L243_10_DDA_1_400-1000mz_msms20_standard.mzML	Carbamidomethyl (C)	Oxidation (M)	Data-Dependent Acquisition	label free sample	5	ppm	0.02	Da	HCD	unspecific cleavage
/mnt/daicx/pvc-afbfaa68-aa52-416c-b273-64fb016fd745/PXD019463/160902_AM_AUT01-DN06_Thyroid_Tue39L243_10_DDA_2_400-1000mz_msms21_standard.raw	160902_AM_AUT01-DN06_Thyroid_Tue39L243_10_DDA_2_400-1000mz_msms21_standard.mzML	Carbamidomethyl (C)	Oxidation (M)	Data-Dependent Acquisition	label free sample	5	ppm	0.02	Da	HCD	unspecific cleavage
/mnt/daicx/pvc-afbfaa68-aa52-416c-b273-64fb016fd745/PXD019463/160902_AM_AUT01-DN06_Thyroid_Tue39L243_10_DDA_3_400-1000mz_msms22_standard.raw	160902_AM_AUT01-DN06_Thyroid_Tue39L243_10_DDA_3_400-1000mz_msms22_standard.mzML	Carbamidomethyl (C)	Oxidation (M)	Data-Dependent Acquisition	label free sample	5	ppm	0.02	Da	HCD	unspecific cleavage
/mnt/daicx/pvc-afbfaa68-aa52-416c-b273-64fb016fd745/PXD019463/191129_AMLM_THY01-DN6_Thymus_Tue39L243_10_DDA_1_400-1000mz_msms11_standard.raw	191129_AMLM_THY01-DN6_Thymus_Tue39L243_10_DDA_1_400-1000mz_msms11_standard.mzML	Carbamidomethyl (C)	Oxidation (M)	Data-Dependent Acquisition	label free sample	5	ppm	0.02	Da	HCD	unspecific cleavage
/mnt/daicx/pvc-afbfaa68-aa52-416c-b273-64fb016fd745/PXD019463/191129_AMLM_THY01-DN6_Thymus_Tue39L243_10_DDA_2_400-1000mz_msms12_standard.raw	191129_AMLM_THY01-DN6_Thymus_Tue39L243_10_DDA_2_400-1000mz_msms12_standard.mzML	Carbamidomethyl (C)	Oxidation (M)	Data-Dependent Acquisition	label free sample	5	ppm	0.02	Da	HCD	unspecific cleavage
/mnt/daicx/pvc-afbfaa68-aa52-416c-b273-64fb016fd745/PXD019463/191129_AMLM_THY01-DN6_Thymus_Tue39L243_10_DDA_3_400-1000mz_msms13_standard.raw	191129_AMLM_THY01-DN6_Thymus_Tue39L243_10_DDA_3_400-1000mz_msms13_standard.mzML	Carbamidomethyl (C)	Oxidation (M)	Data-Dependent Acquisition	label free sample	5	ppm	0.02	Da	HCD	unspecific cleavage
/mnt/daicx/pvc-afbfaa68-aa52-416c-b273-64fb016fd745/PXD019463/170407_AM_AUT01-DN13_Tongue_Tue39L243_10_DDA_1_400-1000mz_msms6_standard.raw	170407_AM_AUT01-DN13_Tongue_Tue39L243_10_DDA_1_400-1000mz_msms6_standard.mzML	Carbamidomethyl (C)	Oxidation (M)	Data-Dependent Acquisition	label free sample	5	ppm	0.02	Da	HCD	unspecific cleavage
/mnt/daicx/pvc-afbfaa68-aa52-416c-b273-64fb016fd745/PXD019463/170407_AM_AUT01-DN13_Tongue_Tue39L243_10_DDA_2_400-1000mz_msm7_standard.raw	170407_AM_AUT01-DN13_Tongue_Tue39L243_10_DDA_2_400-1000mz_msm7_standard.mzML	Carbamidomethyl (C)	Oxidation (M)	Data-Dependent Acquisition	label free sample	5	ppm	0.02	Da	HCD	unspecific cleavage
/mnt/daicx/pvc-afbfaa68-aa52-416c-b273-64fb016fd745/PXD019463/170407_AM_AUT01-DN13_Tongue_Tue39L243_10_DDA_3_400-1000mz_msms8_standard.raw	170407_AM_AUT01-DN13_Tongue_Tue39L243_10_DDA_3_400-1000mz_msms8_standard.mzML	Carbamidomethyl (C)	Oxidation (M)	Data-Dependent Acquisition	label free sample	5	ppm	0.02	Da	HCD	unspecific cleavage
/mnt/daicx/pvc-afbfaa68-aa52-416c-b273-64fb016fd745/PXD019463/160716_AM_AUT01-DN09_LymphNode_Tue39L243_20_DDA_1_400-1000mz_msms42_standard.raw	160716_AM_AUT01-DN09_LymphNode_Tue39L243_20_DDA_1_400-1000mz_msms42_standard.mzML	Carbamidomethyl (C)	Oxidation (M)	Data-Dependent Acquisition	label free sample	5	ppm	0.02	Da	HCD	unspecific cleavage
/mnt/daicx/pvc-afbfaa68-aa52-416c-b273-64fb016fd745/PXD019463/160716_AM_AUT01-DN09_LymphNode_Tue39L243_20_DDA_2_400-1000mz_msms43_standard.raw	160716_AM_AUT01-DN09_LymphNode_Tue39L243_20_DDA_2_400-1000mz_msms43_standard.mzML	Carbamidomethyl (C)	Oxidation (M)	Data-Dependent Acquisition	label free sample	5	ppm	0.02	Da	HCD	unspecific cleavage
/mnt/daicx/pvc-afbfaa68-aa52-416c-b273-64fb016fd745/PXD019463/160716_AM_AUT01-DN09_LymphNode_Tue39L243_20_DDA_3_400-1000mz_msms44_standard.raw	160716_AM_AUT01-DN09_LymphNode_Tue39L243_20_DDA_3_400-1000mz_msms44_standard.mzML	Carbamidomethyl (C)	Oxidation (M)	Data-Dependent Acquisition	label free sample	5	ppm	0.02	Da	HCD	unspecific cleavage
/mnt/daicx/pvc-afbfaa68-aa52-416c-b273-64fb016fd745/PXD019463/160316_DK_AUT01-DN02_Brain_Tue39L243_8_DDA_1_400-1000mz_msms7_standard.raw	160316_DK_AUT01-DN02_Brain_Tue39L243_8_DDA_1_400-1000mz_msms7_standard.mzML	Carbamidomethyl (C)	Oxidation (M)	Data-Dependent Acquisition	label free sample	5	ppm	0.02	Da	HCD	unspecific cleavage
/mnt/daicx/pvc-afbfaa68-aa52-416c-b273-64fb016fd745/PXD019463/160316_DK_AUT01-DN02_Brain_Tue39L243_8_DDA_2_400-1000mz_msms8_standard.raw	160316_DK_AUT01-DN02_Brain_Tue39L243_8_DDA_2_400-1000mz_msms8_standard.mzML	Carbamidomethyl (C)	Oxidation (M)	Data-Dependent Acquisition	label free sample	5	ppm	0.02	Da	HCD	unspecific cleavage
/mnt/daicx/pvc-afbfaa68-aa52-416c-b273-64fb016fd745/PXD019463/160316_DK_AUT01-DN02_Brain_Tue39L243_8_DDA_3_400-1000mz_msms9_standard.raw	160316_DK_AUT01-DN02_Brain_Tue39L243_8_DDA_3_400-1000mz_msms9_standard.mzML	Carbamidomethyl (C)	Oxidation (M)	Data-Dependent Acquisition	label free sample	5	ppm	0.02	Da	HCD	unspecific cleavage
/mnt/daicx/pvc-afbfaa68-aa52-416c-b273-64fb016fd745/PXD019463/161119_AM_AUT01-DN13_BoneMarrow_Tue39L243_10_DDA_1_400-1000mz_msms19_standard.raw	161119_AM_AUT01-DN13_BoneMarrow_Tue39L243_10_DDA_1_400-1000mz_msms19_standard.mzML	Carbamidomethyl (C)	Oxidation (M)	Data-Dependent Acquisition	label free sample	5	ppm	0.02	Da	HCD	unspecific cleavage
/mnt/daicx/pvc-afbfaa68-aa52-416c-b273-64fb016fd745/PXD019463/161119_AM_AUT01-DN13_BoneMarrow_Tue39L243_10_DDA_2_400-1000mz_msms20_standard.raw	161119_AM_AUT01-DN13_BoneMarrow_Tue39L243_10_DDA_2_400-1000mz_msms20_standard.mzML	Carbamidomethyl (C)	Oxidation (M)	Data-Dependent Acquisition	label free sample	5	ppm	0.02	Da	HCD	unspecific cleavage
/mnt/daicx/pvc-afbfaa68-aa52-416c-b273-64fb016fd745/PXD019463/161119_AM_AUT01-DN13_BoneMarrow_Tue39L243_10_DDA_3_400-1000mz_msms21_standard.raw	161119_AM_AUT01-DN13_BoneMarrow_Tue39L243_10_DDA_3_400-1000mz_msms21_standard.mzML	Carbamidomethyl (C)	Oxidation (M)	Data-Dependent Acquisition	label free sample	5	ppm	0.02	Da	HCD	unspecific cleavage
/mnt/daicx/pvc-afbfaa68-aa52-416c-b273-64fb016fd745/PXD019463/171230_AM_AUT01-DN11_Esophagus_Tue39L243_10_DDA_1_400-1000mz_msms22_standard.raw	171230_AM_AUT01-DN11_Esophagus_Tue39L243_10_DDA_1_400-1000mz_msms22_standard.mzML	Carbamidomethyl (C)	Oxidation (M)	Data-Dependent Acquisition	label free sample	5	ppm	0.02	Da	HCD	unspecific cleavage
/mnt/daicx/pvc-afbfaa68-aa52-416c-b273-64fb016fd745/PXD019463/171230_AM_AUT01-DN11_Esophagus_Tue39L243_10_DDA_2_400-1000mz_msms23_standard.raw	171230_AM_AUT01-DN11_Esophagus_Tue39L243_10_DDA_2_400-1000mz_msms23_standard.mzML	Carbamidomethyl (C)	Oxidation (M)	Data-Dependent Acquisition	label free sample	5	ppm	0.02	Da	HCD	unspecific cleavage
/mnt/daicx/pvc-afbfaa68-aa52-416c-b273-64fb016fd745/PXD019463/171230_AM_AUT01-DN11_Esophagus_Tue39L243_10_DDA_3_400-1000mz_msms24_standard.raw	171230_AM_AUT01-DN11_Esophagus_Tue39L243_10_DDA_3_400-1000mz_msms24_standard.mzML	Carbamidomethyl (C)	Oxidation (M)	Data-Dependent Acquisition	label free sample	5	ppm	0.02	Da	HCD	unspecific cleavage
/mnt/daicx/pvc-afbfaa68-aa52-416c-b273-64fb016fd745/PXD019463/170810_AM_AUT01-DN15_Bladder_Tue39L243_10_DDA_1_400-1000mz_msms7_standard.raw	170810_AM_AUT01-DN15_Bladder_Tue39L243_10_DDA_1_400-1000mz_msms7_standard.mzML	Carbamidomethyl (C)	Oxidation (M)	Data-Dependent Acquisition	label free sample	5	ppm	0.02	Da	HCD	unspecific cleavage
/mnt/daicx/pvc-afbfaa68-aa52-416c-b273-64fb016fd745/PXD019463/170810_AM_AUT01-DN15_Bladder_Tue39L243_10_DDA_2_400-1000mz_msms8_standard.raw	170810_AM_AUT01-DN15_Bladder_Tue39L243_10_DDA_2_400-1000mz_msms8_standard.mzML	Carbamidomethyl (C)	Oxidation (M)	Data-Dependent Acquisition	label free sample	5	ppm	0.02	Da	HCD	unspecific cleavage
/mnt/daicx/pvc-afbfaa68-aa52-416c-b273-64fb016fd745/PXD019463/170810_AM_AUT01-DN15_Bladder_Tue39L243_10_DDA_3_400-1000mz_msms9_standard.raw	170810_AM_AUT01-DN15_Bladder_Tue39L243_10_DDA_3_400-1000mz_msms9_standard.mzML	Carbamidomethyl (C)	Oxidation (M)	Data-Dependent Acquisition	label free sample	5	ppm	0.02	Da	HCD	unspecific cleavage
/mnt/daicx/pvc-afbfaa68-aa52-416c-b273-64fb016fd745/PXD019463/170520_AM_AUT01-DN12_Cerebellum_Tue39L243_10_DDA_1_400-1000mz_msms10_standard.raw	170520_AM_AUT01-DN12_Cerebellum_Tue39L243_10_DDA_1_400-1000mz_msms10_standard.mzML	Carbamidomethyl (C)	Oxidation (M)	Data-Dependent Acquisition	label free sample	5	ppm	0.02	Da	HCD	unspecific cleavage
/mnt/daicx/pvc-afbfaa68-aa52-416c-b273-64fb016fd745/PXD019463/170520_AM_AUT01-DN12_Cerebellum_Tue39L243_10_DDA_2_400-1000mz_msms11_standard.raw	170520_AM_AUT01-DN12_Cerebellum_Tue39L243_10_DDA_2_400-1000mz_msms11_standard.mzML	Carbamidomethyl (C)	Oxidation (M)	Data-Dependent Acquisition	label free sample	5	ppm	0.02	Da	HCD	unspecific cleavage
/mnt/daicx/pvc-afbfaa68-aa52-416c-b273-64fb016fd745/PXD019463/170520_AM_AUT01-DN12_Cerebellum_Tue39L243_10_DDA_3_400-1000mz_msms12_standard.raw	170520_AM_AUT01-DN12_Cerebellum_Tue39L243_10_DDA_3_400-1000mz_msms12_standard.mzML	Carbamidomethyl (C)	Oxidation (M)	Data-Dependent Acquisition	label free sample	5	ppm	0.02	Da	HCD	unspecific cleavage
/mnt/daicx/pvc-afbfaa68-aa52-416c-b273-64fb016fd745/PXD019463/160806_AM_AUT01-DN05_Lung_Tue39L243_10_DDA_1_400-1000mz_msms16_standard.raw	160806_AM_AUT01-DN05_Lung_Tue39L243_10_DDA_1_400-1000mz_msms16_standard.mzML	Carbamidomethyl (C)	Oxidation (M)	Data-Dependent Acquisition	label free sample	5	ppm	0.02	Da	HCD	unspecific cleavage
/mnt/daicx/pvc-afbfaa68-aa52-416c-b273-64fb016fd745/PXD019463/160806_AM_AUT01-DN05_Lung_Tue39L243_10_DDA_2_400-1000mz_msms17_standard.raw	160806_AM_AUT01-DN05_Lung_Tue39L243_10_DDA_2_400-1000mz_msms17_standard.mzML	Carbamidomethyl (C)	Oxidation (M)	Data-Dependent Acquisition	label free sample	5	ppm	0.02	Da	HCD	unspecific cleavage
/mnt/daicx/pvc-afbfaa68-aa52-416c-b273-64fb016fd745/PXD019463/160806_AM_AUT01-DN05_Lung_Tue39L243_10_DDA_3_400-1000mz_msms18_standard.raw	160806_AM_AUT01-DN05_Lung_Tue39L243_10_DDA_3_400-1000mz_msms18_standard.mzML	Carbamidomethyl (C)	Oxidation (M)	Data-Dependent Acquisition	label free sample	5	ppm	0.02	Da	HCD	unspecific cleavage
/mnt/daicx/pvc-afbfaa68-aa52-416c-b273-64fb016fd745/PXD019463/171002_AM_AUT01-DN17_Liver_Tue39L243_10_DDA_1_400-1000mz_msms10_standard.raw	171002_AM_AUT01-DN17_Liver_Tue39L243_10_DDA_1_400-1000mz_msms10_standard.mzML	Carbamidomethyl (C)	Oxidation (M)	Data-Dependent Acquisition	label free sample	5	ppm	0.02	Da	HCD	unspecific cleavage
/mnt/daicx/pvc-afbfaa68-aa52-416c-b273-64fb016fd745/PXD019463/171002_AM_AUT01-DN17_Liver_Tue39L243_10_DDA_2_400-1000mz_msms11_standard.raw	171002_AM_AUT01-DN17_Liver_Tue39L243_10_DDA_2_400-1000mz_msms11_standard.mzML	Carbamidomethyl (C)	Oxidation (M)	Data-Dependent Acquisition	label free sample	5	ppm	0.02	Da	HCD	unspecific cleavage
/mnt/daicx/pvc-afbfaa68-aa52-416c-b273-64fb016fd745/PXD019463/171002_AM_AUT01-DN17_Liver_Tue39L243_10_DDA_3_400-1000mz_msms12_standard.raw	171002_AM_AUT01-DN17_Liver_Tue39L243_10_DDA_3_400-1000mz_msms12_standard.mzML	Carbamidomethyl (C)	Oxidation (M)	Data-Dependent Acquisition	label free sample	5	ppm	0.02	Da	HCD	unspecific cleavage
/mnt/daicx/pvc-afbfaa68-aa52-416c-b273-64fb016fd745/PXD019463/171230_AM_AUT01-DN11_Aorta_Tue39L243_10_DDA_1_400-1000mz_msms8_standard.raw	171230_AM_AUT01-DN11_Aorta_Tue39L243_10_DDA_1_400-1000mz_msms8_standard.mzML	Carbamidomethyl (C)	Oxidation (M)	Data-Dependent Acquisition	label free sample	5	ppm	0.02	Da	HCD	unspecific cleavage
/mnt/daicx/pvc-afbfaa68-aa52-416c-b273-64fb016fd745/PXD019463/171230_AM_AUT01-DN11_Aorta_Tue39L243_10_DDA_2_400-1000mz_msms9_standard.raw	171230_AM_AUT01-DN11_Aorta_Tue39L243_10_DDA_2_400-1000mz_msms9_standard.mzML	Carbamidomethyl (C)	Oxidation (M)	Data-Dependent Acquisition	label free sample	5	ppm	0.02	Da	HCD	unspecific cleavage
/mnt/daicx/pvc-afbfaa68-aa52-416c-b273-64fb016fd745/PXD019463/171230_AM_AUT01-DN11_Aorta_Tue39L243_10_DDA_3_400-1000mz_msms10_standard.raw	171230_AM_AUT01-DN11_Aorta_Tue39L243_10_DDA_3_400-1000mz_msms10_standard.mzML	Carbamidomethyl (C)	Oxidation (M)	Data-Dependent Acquisition	label free sample	5	ppm	0.02	Da	HCD	unspecific cleavage
/mnt/daicx/pvc-afbfaa68-aa52-416c-b273-64fb016fd745/PXD019463/170603_AM_AUT01-DN12_Stomach_Tue39L243_10_DDA_1_400-1000mz_msms29_standard.raw	170603_AM_AUT01-DN12_Stomach_Tue39L243_10_DDA_1_400-1000mz_msms29_standard.mzML	Carbamidomethyl (C)	Oxidation (M)	Data-Dependent Acquisition	label free sample	5	ppm	0.02	Da	HCD	unspecific cleavage
/mnt/daicx/pvc-afbfaa68-aa52-416c-b273-64fb016fd745/PXD019463/170603_AM_AUT01-DN12_Stomach_Tue39L243_10_DDA_2_400-1000mz_msms30_standard.raw	170603_AM_AUT01-DN12_Stomach_Tue39L243_10_DDA_2_400-1000mz_msms30_standard.mzML	Carbamidomethyl (C)	Oxidation (M)	Data-Dependent Acquisition	label free sample	5	ppm	0.02	Da	HCD	unspecific cleavage
/mnt/daicx/pvc-afbfaa68-aa52-416c-b273-64fb016fd745/PXD019463/170603_AM_AUT01-DN12_Stomach_Tue39L243_10_DDA_3_400-1000mz_msms31_standard.raw	170603_AM_AUT01-DN12_Stomach_Tue39L243_10_DDA_3_400-1000mz_msms31_standard.mzML	Carbamidomethyl (C)	Oxidation (M)	Data-Dependent Acquisition	label free sample	5	ppm	0.02	Da	HCD	unspecific cleavage
/mnt/daicx/pvc-afbfaa68-aa52-416c-b273-64fb016fd745/PXD019463/180921_AM_AUT01-DN09_Pancreas_Tue39L243_10_DDA_1_400-1000mz_msms17_standard.raw	180921_AM_AUT01-DN09_Pancreas_Tue39L243_10_DDA_1_400-1000mz_msms17_standard.mzML	Carbamidomethyl (C)	Oxidation (M)	Data-Dependent Acquisition	label free sample	5	ppm	0.02	Da	HCD	unspecific cleavage
/mnt/daicx/pvc-afbfaa68-aa52-416c-b273-64fb016fd745/PXD019463/180921_AM_AUT01-DN09_Pancreas_Tue39L243_10_DDA_2_400-1000mz_msms18_standard.raw	180921_AM_AUT01-DN09_Pancreas_Tue39L243_10_DDA_2_400-1000mz_msms18_standard.mzML	Carbamidomethyl (C)	Oxidation (M)	Data-Dependent Acquisition	label free sample	5	ppm	0.02	Da	HCD	unspecific cleavage
/mnt/daicx/pvc-afbfaa68-aa52-416c-b273-64fb016fd745/PXD019463/180921_AM_AUT01-DN09_Pancreas_Tue39L243_10_DDA_3_400-1000mz_msms19_standard.raw	180921_AM_AUT01-DN09_Pancreas_Tue39L243_10_DDA_3_400-1000mz_msms19_standard.mzML	Carbamidomethyl (C)	Oxidation (M)	Data-Dependent Acquisition	label free sample	5	ppm	0.02	Da	HCD	unspecific cleavage
/mnt/daicx/pvc-afbfaa68-aa52-416c-b273-64fb016fd745/PXD019463/160316_DK_AUT01-DN02_Bladder_Tue39L243_8_DDA_1_400-1000mz_msms25_standard.raw	160316_DK_AUT01-DN02_Bladder_Tue39L243_8_DDA_1_400-1000mz_msms25_standard.mzML	Carbamidomethyl (C)	Oxidation (M)	Data-Dependent Acquisition	label free sample	5	ppm	0.02	Da	HCD	unspecific cleavage
/mnt/daicx/pvc-afbfaa68-aa52-416c-b273-64fb016fd745/PXD019463/160316_DK_AUT01-DN02_Bladder_Tue39L243_8_DDA_2_400-1000mz_msms26_standard.raw	160316_DK_AUT01-DN02_Bladder_Tue39L243_8_DDA_2_400-1000mz_msms26_standard.mzML	Carbamidomethyl (C)	Oxidation (M)	Data-Dependent Acquisition	label free sample	5	ppm	0.02	Da	HCD	unspecific cleavage
/mnt/daicx/pvc-afbfaa68-aa52-416c-b273-64fb016fd745/PXD019463/160316_DK_AUT01-DN02_Bladder_Tue39L243_8_DDA_3_400-1000mz_msms27_standard.raw	160316_DK_AUT01-DN02_Bladder_Tue39L243_8_DDA_3_400-1000mz_msms27_standard.mzML	Carbamidomethyl (C)	Oxidation (M)	Data-Dependent Acquisition	label free sample	5	ppm	0.02	Da	HCD	unspecific cleavage
/mnt/daicx/pvc-afbfaa68-aa52-416c-b273-64fb016fd745/PXD019463/170821_AM_AUT01-DN11_AdrenalGland_Tue39L243_10_DDA_1_400-1000mz_msms12_standard.raw	170821_AM_AUT01-DN11_AdrenalGland_Tue39L243_10_DDA_1_400-1000mz_msms12_standard.mzML	Carbamidomethyl (C)	Oxidation (M)	Data-Dependent Acquisition	label free sample	5	ppm	0.02	Da	HCD	unspecific cleavage
/mnt/daicx/pvc-afbfaa68-aa52-416c-b273-64fb016fd745/PXD019463/170821_AM_AUT01-DN11_AdrenalGland_Tue39L243_10_DDA_2_400-1000mz_msms13_standard.raw	170821_AM_AUT01-DN11_AdrenalGland_Tue39L243_10_DDA_2_400-1000mz_msms13_standard.mzML	Carbamidomethyl (C)	Oxidation (M)	Data-Dependent Acquisition	label free sample	5	ppm	0.02	Da	HCD	unspecific cleavage
/mnt/daicx/pvc-afbfaa68-aa52-416c-b273-64fb016fd745/PXD019463/170821_AM_AUT01-DN11_AdrenalGland_Tue39L243_10_DDA_3_400-1000mz_msms14_standard.raw	170821_AM_AUT01-DN11_AdrenalGland_Tue39L243_10_DDA_3_400-1000mz_msms14_standard.mzML	Carbamidomethyl (C)	Oxidation (M)	Data-Dependent Acquisition	label free sample	5	ppm	0.02	Da	HCD	unspecific cleavage
/mnt/daicx/pvc-afbfaa68-aa52-416c-b273-64fb016fd745/PXD019463/170912_AM_AUT01-DN04_Pancreas_Tue39L243_10_DDA_1_400-1000mz_msms19_standard.raw	170912_AM_AUT01-DN04_Pancreas_Tue39L243_10_DDA_1_400-1000mz_msms19_standard.mzML	Carbamidomethyl (C)	Oxidation (M)	Data-Dependent Acquisition	label free sample	5	ppm	0.02	Da	HCD	unspecific cleavage
/mnt/daicx/pvc-afbfaa68-aa52-416c-b273-64fb016fd745/PXD019463/170912_AM_AUT01-DN04_Pancreas_Tue39L243_10_DDA_2_400-1000mz_msms20_standard.raw	170912_AM_AUT01-DN04_Pancreas_Tue39L243_10_DDA_2_400-1000mz_msms20_standard.mzML	Carbamidomethyl (C)	Oxidation (M)	Data-Dependent Acquisition	label free sample	5	ppm	0.02	Da	HCD	unspecific cleavage
/mnt/daicx/pvc-afbfaa68-aa52-416c-b273-64fb016fd745/PXD019463/170912_AM_AUT01-DN04_Pancreas_Tue39L243_10_DDA_3_400-1000mz_msms21_standard.raw	170912_AM_AUT01-DN04_Pancreas_Tue39L243_10_DDA_3_400-1000mz_msms21_standard.mzML	Carbamidomethyl (C)	Oxidation (M)	Data-Dependent Acquisition	label free sample	5	ppm	0.02	Da	HCD	unspecific cleavage
/mnt/daicx/pvc-afbfaa68-aa52-416c-b273-64fb016fd745/PXD019463/160803_AM_AUT01-DN09_Liver_Tue39L243_10_DDA_1_400-1000mz_msms19_standard.raw	160803_AM_AUT01-DN09_Liver_Tue39L243_10_DDA_1_400-1000mz_msms19_standard.mzML	Carbamidomethyl (C)	Oxidation (M)	Data-Dependent Acquisition	label free sample	5	ppm	0.02	Da	HCD	unspecific cleavage
/mnt/daicx/pvc-afbfaa68-aa52-416c-b273-64fb016fd745/PXD019463/160803_AM_AUT01-DN09_Liver_Tue39L243_10_DDA_2_400-1000mz_msms20_standard.raw	160803_AM_AUT01-DN09_Liver_Tue39L243_10_DDA_2_400-1000mz_msms20_standard.mzML	Carbamidomethyl (C)	Oxidation (M)	Data-Dependent Acquisition	label free sample	5	ppm	0.02	Da	HCD	unspecific cleavage
/mnt/daicx/pvc-afbfaa68-aa52-416c-b273-64fb016fd745/PXD019463/160803_AM_AUT01-DN09_Liver_Tue39L243_10_DDA_3_400-1000mz_msms21_standard.raw	160803_AM_AUT01-DN09_Liver_Tue39L243_10_DDA_3_400-1000mz_msms21_standard.mzML	Carbamidomethyl (C)	Oxidation (M)	Data-Dependent Acquisition	label free sample	5	ppm	0.02	Da	HCD	unspecific cleavage
/mnt/daicx/pvc-afbfaa68-aa52-416c-b273-64fb016fd745/PXD019463/180122_AM_AUT01-DN08_Tongue_Tue39L243_10_DDA_1_400-1000mz_msms18_standard.raw	180122_AM_AUT01-DN08_Tongue_Tue39L243_10_DDA_1_400-1000mz_msms18_standard.mzML	Carbamidomethyl (C)	Oxidation (M)	Data-Dependent Acquisition	label free sample	5	ppm	0.02	Da	HCD	unspecific cleavage
/mnt/daicx/pvc-afbfaa68-aa52-416c-b273-64fb016fd745/PXD019463/180122_AM_AUT01-DN08_Tongue_Tue39L243_10_DDA_2_400-1000mz_msms19_standard.raw	180122_AM_AUT01-DN08_Tongue_Tue39L243_10_DDA_2_400-1000mz_msms19_standard.mzML	Carbamidomethyl (C)	Oxidation (M)	Data-Dependent Acquisition	label free sample	5	ppm	0.02	Da	HCD	unspecific cleavage
/mnt/daicx/pvc-afbfaa68-aa52-416c-b273-64fb016fd745/PXD019463/180122_AM_AUT01-DN08_Tongue_Tue39L243_10_DDA_3_400-1000mz_msm20_standard.raw	180122_AM_AUT01-DN08_Tongue_Tue39L243_10_DDA_3_400-1000mz_msm20_standard.mzML	Carbamidomethyl (C)	Oxidation (M)	Data-Dependent Acquisition	label free sample	5	ppm	0.02	Da	HCD	unspecific cleavage
/mnt/daicx/pvc-afbfaa68-aa52-416c-b273-64fb016fd745/PXD019463/160625_DK_AUT01-DN08_Kidney_Tue39L243_20_DDA_1_400-1000mz_msms38_standard.raw	160625_DK_AUT01-DN08_Kidney_Tue39L243_20_DDA_1_400-1000mz_msms38_standard.mzML	Carbamidomethyl (C)	Oxidation (M)	Data-Dependent Acquisition	label free sample	5	ppm	0.02	Da	HCD	unspecific cleavage
/mnt/daicx/pvc-afbfaa68-aa52-416c-b273-64fb016fd745/PXD019463/160625_DK_AUT01-DN08_Kidney_Tue39L243_20_DDA_2_400-1000mz_msms39_standard.raw	160625_DK_AUT01-DN08_Kidney_Tue39L243_20_DDA_2_400-1000mz_msms39_standard.mzML	Carbamidomethyl (C)	Oxidation (M)	Data-Dependent Acquisition	label free sample	5	ppm	0.02	Da	HCD	unspecific cleavage
/mnt/daicx/pvc-afbfaa68-aa52-416c-b273-64fb016fd745/PXD019463/160625_DK_AUT01-DN08_Kidney_Tue39L243_20_DDA_3_400-1000mz_msms40_standard.raw	160625_DK_AUT01-DN08_Kidney_Tue39L243_20_DDA_3_400-1000mz_msms40_standard.mzML	Carbamidomethyl (C)	Oxidation (M)	Data-Dependent Acquisition	label free sample	5	ppm	0.02	Da	HCD	unspecific cleavage
/mnt/daicx/pvc-afbfaa68-aa52-416c-b273-64fb016fd745/PXD019463/161212_AM_AUT01-DN06_Trachea_Tue39L243_10_DDA_1_400-1000mz_msms8_standard.raw	161212_AM_AUT01-DN06_Trachea_Tue39L243_10_DDA_1_400-1000mz_msms8_standard.mzML	Carbamidomethyl (C)	Oxidation (M)	Data-Dependent Acquisition	label free sample	5	ppm	0.02	Da	HCD	unspecific cleavage
/mnt/daicx/pvc-afbfaa68-aa52-416c-b273-64fb016fd745/PXD019463/161212_AM_AUT01-DN06_Trachea_Tue39L243_10_DDA_2_400-1000mz_msms9_standard.raw	161212_AM_AUT01-DN06_Trachea_Tue39L243_10_DDA_2_400-1000mz_msms9_standard.mzML	Carbamidomethyl (C)	Oxidation (M)	Data-Dependent Acquisition	label free sample	5	ppm	0.02	Da	HCD	unspecific cleavage
/mnt/daicx/pvc-afbfaa68-aa52-416c-b273-64fb016fd745/PXD019463/161212_AM_AUT01-DN06_Trachea_Tue39L243_10_DDA_3_400-1000mz_msms10_standard.raw	161212_AM_AUT01-DN06_Trachea_Tue39L243_10_DDA_3_400-1000mz_msms10_standard.mzML	Carbamidomethyl (C)	Oxidation (M)	Data-Dependent Acquisition	label free sample	5	ppm	0.02	Da	HCD	unspecific cleavage
/mnt/daicx/pvc-afbfaa68-aa52-416c-b273-64fb016fd745/PXD019463/161201_AM_AUT01-DN13_Testis_Tue39L243_10_DDA_2_400-1000mz_msms45_standard.raw	161201_AM_AUT01-DN13_Testis_Tue39L243_10_DDA_2_400-1000mz_msms45_standard.mzML	Carbamidomethyl (C)	Oxidation (M)	Data-Dependent Acquisition	label free sample	5	ppm	0.02	Da	HCD	unspecific cleavage
/mnt/daicx/pvc-afbfaa68-aa52-416c-b273-64fb016fd745/PXD019463/161201_AM_AUT01-DN13_Testis_Tue39L243_10_DDA_3_400-1000mz_msms46_standard.raw	161201_AM_AUT01-DN13_Testis_Tue39L243_10_DDA_3_400-1000mz_msms46_standard.mzML	Carbamidomethyl (C)	Oxidation (M)	Data-Dependent Acquisition	label free sample	5	ppm	0.02	Da	HCD	unspecific cleavage
/mnt/daicx/pvc-afbfaa68-aa52-416c-b273-64fb016fd745/PXD019463/161209_AM_AUT01-DN13_Testis_Tue39L243_10_DDA_1new_400-1000mz_msms38_standard.raw	161209_AM_AUT01-DN13_Testis_Tue39L243_10_DDA_1new_400-1000mz_msms38_standard.mzML	Carbamidomethyl (C)	Oxidation (M)	Data-Dependent Acquisition	label free sample	5	ppm	0.02	Da	HCD	unspecific cleavage
/mnt/daicx/pvc-afbfaa68-aa52-416c-b273-64fb016fd745/PXD019463/161016_LF_AUT01-DN09_Skin_Tue39L243_10_DDA_1_400-1000mz_msms34_standard.raw	161016_LF_AUT01-DN09_Skin_Tue39L243_10_DDA_1_400-1000mz_msms34_standard.mzML	Carbamidomethyl (C)	Oxidation (M)	Data-Dependent Acquisition	label free sample	5	ppm	0.02	Da	HCD	unspecific cleavage
/mnt/daicx/pvc-afbfaa68-aa52-416c-b273-64fb016fd745/PXD019463/161016_LF_AUT01-DN09_Skin_Tue39L243_10_DDA_2_400-1000mz_msms35_standard.raw	161016_LF_AUT01-DN09_Skin_Tue39L243_10_DDA_2_400-1000mz_msms35_standard.mzML	Carbamidomethyl (C)	Oxidation (M)	Data-Dependent Acquisition	label free sample	5	ppm	0.02	Da	HCD	unspecific cleavage
/mnt/daicx/pvc-afbfaa68-aa52-416c-b273-64fb016fd745/PXD019463/161016_LF_AUT01-DN09_Skin_Tue39L243_10_DDA_3_400-1000mz_msms36_standard.raw	161016_LF_AUT01-DN09_Skin_Tue39L243_10_DDA_3_400-1000mz_msms36_standard.mzML	Carbamidomethyl (C)	Oxidation (M)	Data-Dependent Acquisition	label free sample	5	ppm	0.02	Da	HCD	unspecific cleavage
/mnt/daicx/pvc-afbfaa68-aa52-416c-b273-64fb016fd745/PXD019463/160801_AM_AUT01-DN05_Liver_Tue39L243_10_DDA_1_400-1000mz_msms10_standard.raw	160801_AM_AUT01-DN05_Liver_Tue39L243_10_DDA_1_400-1000mz_msms10_standard.mzML	Carbamidomethyl (C)	Oxidation (M)	Data-Dependent Acquisition	label free sample	5	ppm	0.02	Da	HCD	unspecific cleavage
/mnt/daicx/pvc-afbfaa68-aa52-416c-b273-64fb016fd745/PXD019463/160801_AM_AUT01-DN05_Liver_Tue39L243_10_DDA_2_400-1000mz_msms11_standard.raw	160801_AM_AUT01-DN05_Liver_Tue39L243_10_DDA_2_400-1000mz_msms11_standard.mzML	Carbamidomethyl (C)	Oxidation (M)	Data-Dependent Acquisition	label free sample	5	ppm	0.02	Da	HCD	unspecific cleavage
/mnt/daicx/pvc-afbfaa68-aa52-416c-b273-64fb016fd745/PXD019463/160801_AM_AUT01-DN05_Liver_Tue39L243_10_DDA_3_400-1000mz_msms12_standard.raw	160801_AM_AUT01-DN05_Liver_Tue39L243_10_DDA_3_400-1000mz_msms12_standard.mzML	Carbamidomethyl (C)	Oxidation (M)	Data-Dependent Acquisition	label free sample	5	ppm	0.02	Da	HCD	unspecific cleavage
/mnt/daicx/pvc-afbfaa68-aa52-416c-b273-64fb016fd745/PXD019463/170107_AM_AUT01-DN13_Cerebellum_Tue39L243_10_DDA_1_400-1000mz_msms19_standard.raw	170107_AM_AUT01-DN13_Cerebellum_Tue39L243_10_DDA_1_400-1000mz_msms19_standard.mzML	Carbamidomethyl (C)	Oxidation (M)	Data-Dependent Acquisition	label free sample	5	ppm	0.02	Da	HCD	unspecific cleavage
/mnt/daicx/pvc-afbfaa68-aa52-416c-b273-64fb016fd745/PXD019463/170107_AM_AUT01-DN13_Cerebellum_Tue39L243_10_DDA_2_400-1000mz_msms20_standard.raw	170107_AM_AUT01-DN13_Cerebellum_Tue39L243_10_DDA_2_400-1000mz_msms20_standard.mzML	Carbamidomethyl (C)	Oxidation (M)	Data-Dependent Acquisition	label free sample	5	ppm	0.02	Da	HCD	unspecific cleavage
/mnt/daicx/pvc-afbfaa68-aa52-416c-b273-64fb016fd745/PXD019463/170107_AM_AUT01-DN13_Cerebellum_Tue39L243_10_DDA_3_400-1000mz_msms21_standard.raw	170107_AM_AUT01-DN13_Cerebellum_Tue39L243_10_DDA_3_400-1000mz_msms21_standard.mzML	Carbamidomethyl (C)	Oxidation (M)	Data-Dependent Acquisition	label free sample	5	ppm	0.02	Da	HCD	unspecific cleavage
/mnt/daicx/pvc-afbfaa68-aa52-416c-b273-64fb016fd745/PXD019463/161016_LF_AUT01-DN09_Brain_Tue39L243_10_DDA_1_400-1000mz_msms2_standard.raw	161016_LF_AUT01-DN09_Brain_Tue39L243_10_DDA_1_400-1000mz_msms2_standard.mzML	Carbamidomethyl (C)	Oxidation (M)	Data-Dependent Acquisition	label free sample	5	ppm	0.02	Da	HCD	unspecific cleavage
/mnt/daicx/pvc-afbfaa68-aa52-416c-b273-64fb016fd745/PXD019463/161016_LF_AUT01-DN09_Brain_Tue39L243_10_DDA_2_400-1000mz_msms21_standard.raw	161016_LF_AUT01-DN09_Brain_Tue39L243_10_DDA_2_400-1000mz_msms21_standard.mzML	Carbamidomethyl (C)	Oxidation (M)	Data-Dependent Acquisition	label free sample	5	ppm	0.02	Da	HCD	unspecific cleavage
/mnt/daicx/pvc-afbfaa68-aa52-416c-b273-64fb016fd745/PXD019463/161016_LF_AUT01-DN09_Brain_Tue39L243_10_DDA_3_400-1000mz_msms22_standard.raw	161016_LF_AUT01-DN09_Brain_Tue39L243_10_DDA_3_400-1000mz_msms22_standard.mzML	Carbamidomethyl (C)	Oxidation (M)	Data-Dependent Acquisition	label free sample	5	ppm	0.02	Da	HCD	unspecific cleavage
/mnt/daicx/pvc-afbfaa68-aa52-416c-b273-64fb016fd745/PXD019463/161115_AM_AUT01-DN08_Colon_Tue39L243_10_DDA_1_400-1000mz_msms41_standard.raw	161115_AM_AUT01-DN08_Colon_Tue39L243_10_DDA_1_400-1000mz_msms41_standard.mzML	Carbamidomethyl (C)	Oxidation (M)	Data-Dependent Acquisition	label free sample	5	ppm	0.02	Da	HCD	unspecific cleavage
/mnt/daicx/pvc-afbfaa68-aa52-416c-b273-64fb016fd745/PXD019463/161115_AM_AUT01-DN08_Colon_Tue39L243_10_DDA_2_400-1000mz_msms42_standard.raw	161115_AM_AUT01-DN08_Colon_Tue39L243_10_DDA_2_400-1000mz_msms42_standard.mzML	Carbamidomethyl (C)	Oxidation (M)	Data-Dependent Acquisition	label free sample	5	ppm	0.02	Da	HCD	unspecific cleavage
/mnt/daicx/pvc-afbfaa68-aa52-416c-b273-64fb016fd745/PXD019463/161115_AM_AUT01-DN08_Colon_Tue39L243_10_DDA_3_400-1000mz_msms43_standard.raw	161115_AM_AUT01-DN08_Colon_Tue39L243_10_DDA_3_400-1000mz_msms43_standard.mzML	Carbamidomethyl (C)	Oxidation (M)	Data-Dependent Acquisition	label free sample	5	ppm	0.02	Da	HCD	unspecific cleavage
/mnt/daicx/pvc-afbfaa68-aa52-416c-b273-64fb016fd745/PXD019463/170509_AM_AUT01-DN04_Brain_Tue39L243_10_DDA_1_400-1000mz_msms11_standard.raw	170509_AM_AUT01-DN04_Brain_Tue39L243_10_DDA_1_400-1000mz_msms11_standard.mzML	Carbamidomethyl (C)	Oxidation (M)	Data-Dependent Acquisition	label free sample	5	ppm	0.02	Da	HCD	unspecific cleavage
/mnt/daicx/pvc-afbfaa68-aa52-416c-b273-64fb016fd745/PXD019463/170509_AM_AUT01-DN04_Brain_Tue39L243_10_DDA_2_400-1000mz_msms12_standard.raw	170509_AM_AUT01-DN04_Brain_Tue39L243_10_DDA_2_400-1000mz_msms12_standard.mzML	Carbamidomethyl (C)	Oxidation (M)	Data-Dependent Acquisition	label free sample	5	ppm	0.02	Da	HCD	unspecific cleavage
/mnt/daicx/pvc-afbfaa68-aa52-416c-b273-64fb016fd745/PXD019463/170509_AM_AUT01-DN04_Brain_Tue39L243_10_DDA_3_400-1000mz_msms13_standard.raw	170509_AM_AUT01-DN04_Brain_Tue39L243_10_DDA_3_400-1000mz_msms13_standard.mzML	Carbamidomethyl (C)	Oxidation (M)	Data-Dependent Acquisition	label free sample	5	ppm	0.02	Da	HCD	unspecific cleavage
/mnt/daicx/pvc-afbfaa68-aa52-416c-b273-64fb016fd745/PXD019463/161021_AM_AUT01-DN09_Cerebellum_Tue39L243_10_DDA_1_400-1000mz_msms17_standard.raw	161021_AM_AUT01-DN09_Cerebellum_Tue39L243_10_DDA_1_400-1000mz_msms17_standard.mzML	Carbamidomethyl (C)	Oxidation (M)	Data-Dependent Acquisition	label free sample	5	ppm	0.02	Da	HCD	unspecific cleavage
/mnt/daicx/pvc-afbfaa68-aa52-416c-b273-64fb016fd745/PXD019463/161021_AM_AUT01-DN09_Cerebellum_Tue39L243_10_DDA_2_400-1000mz_msms18_standard.raw	161021_AM_AUT01-DN09_Cerebellum_Tue39L243_10_DDA_2_400-1000mz_msms18_standard.mzML	Carbamidomethyl (C)	Oxidation (M)	Data-Dependent Acquisition	label free sample	5	ppm	0.02	Da	HCD	unspecific cleavage
/mnt/daicx/pvc-afbfaa68-aa52-416c-b273-64fb016fd745/PXD019463/161021_AM_AUT01-DN09_Cerebellum_Tue39L243_10_DDA_3_400-1000mz_msms19_standard.raw	161021_AM_AUT01-DN09_Cerebellum_Tue39L243_10_DDA_3_400-1000mz_msms19_standard.mzML	Carbamidomethyl (C)	Oxidation (M)	Data-Dependent Acquisition	label free sample	5	ppm	0.02	Da	HCD	unspecific cleavage
/mnt/daicx/pvc-afbfaa68-aa52-416c-b273-64fb016fd745/PXD019463/160906_AM_AUT01-DN09_Thyroid_Tue39L243_10_DDA_1_400-1000mz_msms61_standard.raw	160906_AM_AUT01-DN09_Thyroid_Tue39L243_10_DDA_1_400-1000mz_msms61_standard.mzML	Carbamidomethyl (C)	Oxidation (M)	Data-Dependent Acquisition	label free sample	5	ppm	0.02	Da	HCD	unspecific cleavage
/mnt/daicx/pvc-afbfaa68-aa52-416c-b273-64fb016fd745/PXD019463/160906_AM_AUT01-DN09_Thyroid_Tue39L243_10_DDA_2_400-1000mz_msms62_standard.raw	160906_AM_AUT01-DN09_Thyroid_Tue39L243_10_DDA_2_400-1000mz_msms62_standard.mzML	Carbamidomethyl (C)	Oxidation (M)	Data-Dependent Acquisition	label free sample	5	ppm	0.02	Da	HCD	unspecific cleavage
/mnt/daicx/pvc-afbfaa68-aa52-416c-b273-64fb016fd745/PXD019463/160906_AM_AUT01-DN09_Thyroid_Tue39L243_10_DDA_3_400-1000mz_msms63_standard.raw	160906_AM_AUT01-DN09_Thyroid_Tue39L243_10_DDA_3_400-1000mz_msms63_standard.mzML	Carbamidomethyl (C)	Oxidation (M)	Data-Dependent Acquisition	label free sample	5	ppm	0.02	Da	HCD	unspecific cleavage
/mnt/daicx/pvc-afbfaa68-aa52-416c-b273-64fb016fd745/PXD019463/161126_AM_AUT01-DN13_Thyroid_Tue39L243_10_DDA_1_400-1000mz_msms20_standard.raw	161126_AM_AUT01-DN13_Thyroid_Tue39L243_10_DDA_1_400-1000mz_msms20_standard.mzML	Carbamidomethyl (C)	Oxidation (M)	Data-Dependent Acquisition	label free sample	5	ppm	0.02	Da	HCD	unspecific cleavage
/mnt/daicx/pvc-afbfaa68-aa52-416c-b273-64fb016fd745/PXD019463/161126_AM_AUT01-DN13_Thyroid_Tue39L243_10_DDA_2_400-1000mz_msms21_standard.raw	161126_AM_AUT01-DN13_Thyroid_Tue39L243_10_DDA_2_400-1000mz_msms21_standard.mzML	Carbamidomethyl (C)	Oxidation (M)	Data-Dependent Acquisition	label free sample	5	ppm	0.02	Da	HCD	unspecific cleavage
/mnt/daicx/pvc-afbfaa68-aa52-416c-b273-64fb016fd745/PXD019463/161126_AM_AUT01-DN13_Thyroid_Tue39L243_10_DDA_3_400-1000mz_msms22_standard.raw	161126_AM_AUT01-DN13_Thyroid_Tue39L243_10_DDA_3_400-1000mz_msms22_standard.mzML	Carbamidomethyl (C)	Oxidation (M)	Data-Dependent Acquisition	label free sample	5	ppm	0.02	Da	HCD	unspecific cleavage
/mnt/daicx/pvc-afbfaa68-aa52-416c-b273-64fb016fd745/PXD019463/180108_AM_AUT01-DN11_Trachea_Tue39L243_10_DDA_1_400-1000mz_msms35_standard.raw	180108_AM_AUT01-DN11_Trachea_Tue39L243_10_DDA_1_400-1000mz_msms35_standard.mzML	Carbamidomethyl (C)	Oxidation (M)	Data-Dependent Acquisition	label free sample	5	ppm	0.02	Da	HCD	unspecific cleavage
/mnt/daicx/pvc-afbfaa68-aa52-416c-b273-64fb016fd745/PXD019463/180108_AM_AUT01-DN11_Trachea_Tue39L243_10_DDA_2_400-1000mz_msms36_standard.raw	180108_AM_AUT01-DN11_Trachea_Tue39L243_10_DDA_2_400-1000mz_msms36_standard.mzML	Carbamidomethyl (C)	Oxidation (M)	Data-Dependent Acquisition	label free sample	5	ppm	0.02	Da	HCD	unspecific cleavage
/mnt/daicx/pvc-afbfaa68-aa52-416c-b273-64fb016fd745/PXD019463/180108_AM_AUT01-DN11_Trachea_Tue39L243_10_DDA_3_400-1000mz_msms37_standard.raw	180108_AM_AUT01-DN11_Trachea_Tue39L243_10_DDA_3_400-1000mz_msms37_standard.mzML	Carbamidomethyl (C)	Oxidation (M)	Data-Dependent Acquisition	label free sample	5	ppm	0.02	Da	HCD	unspecific cleavage
/mnt/daicx/pvc-afbfaa68-aa52-416c-b273-64fb016fd745/PXD019463/171106_AM_AUT01-DN11_Testis_Tue39L243_10_DDA_1_400-1000mz_msms4_standard.raw	171106_AM_AUT01-DN11_Testis_Tue39L243_10_DDA_1_400-1000mz_msms4_standard.mzML	Carbamidomethyl (C)	Oxidation (M)	Data-Dependent Acquisition	label free sample	5	ppm	0.02	Da	HCD	unspecific cleavage
/mnt/daicx/pvc-afbfaa68-aa52-416c-b273-64fb016fd745/PXD019463/171106_AM_AUT01-DN11_Testis_Tue39L243_10_DDA_2_400-1000mz_msms5_standard.raw	171106_AM_AUT01-DN11_Testis_Tue39L243_10_DDA_2_400-1000mz_msms5_standard.mzML	Carbamidomethyl (C)	Oxidation (M)	Data-Dependent Acquisition	label free sample	5	ppm	0.02	Da	HCD	unspecific cleavage
/mnt/daicx/pvc-afbfaa68-aa52-416c-b273-64fb016fd745/PXD019463/171106_AM_AUT01-DN11_Testis_Tue39L243_10_DDA_3_400-1000mz_msms6_standard.raw	171106_AM_AUT01-DN11_Testis_Tue39L243_10_DDA_3_400-1000mz_msms6_standard.mzML	Carbamidomethyl (C)	Oxidation (M)	Data-Dependent Acquisition	label free sample	5	ppm	0.02	Da	HCD	unspecific cleavage
/mnt/daicx/pvc-afbfaa68-aa52-416c-b273-64fb016fd745/PXD019463/160924_AM_AUT01-DN09_Tongue_Tue39L243_10_DDA_1_400-1000mz_msms10_standard.raw	160924_AM_AUT01-DN09_Tongue_Tue39L243_10_DDA_1_400-1000mz_msms10_standard.mzML	Carbamidomethyl (C)	Oxidation (M)	Data-Dependent Acquisition	label free sample	5	ppm	0.02	Da	HCD	unspecific cleavage
/mnt/daicx/pvc-afbfaa68-aa52-416c-b273-64fb016fd745/PXD019463/160924_AM_AUT01-DN09_Tongue_Tue39L243_10_DDA_2_400-1000mz_msms11_standard.raw	160924_AM_AUT01-DN09_Tongue_Tue39L243_10_DDA_2_400-1000mz_msms11_standard.mzML	Carbamidomethyl (C)	Oxidation (M)	Data-Dependent Acquisition	label free sample	5	ppm	0.02	Da	HCD	unspecific cleavage
/mnt/daicx/pvc-afbfaa68-aa52-416c-b273-64fb016fd745/PXD019463/160924_AM_AUT01-DN09_Tongue_Tue39L243_10_DDA_3_400-1000mz_msms12_standard.raw	160924_AM_AUT01-DN09_Tongue_Tue39L243_10_DDA_3_400-1000mz_msms12_standard.mzML	Carbamidomethyl (C)	Oxidation (M)	Data-Dependent Acquisition	label free sample	5	ppm	0.02	Da	HCD	unspecific cleavage
/mnt/daicx/pvc-afbfaa68-aa52-416c-b273-64fb016fd745/PXD019463/170413_AM_AUT01-DN12_Liver_Tue39L243_10_DDA_1_400-1000mz_msms24_standard.raw	170413_AM_AUT01-DN12_Liver_Tue39L243_10_DDA_1_400-1000mz_msms24_standard.mzML	Carbamidomethyl (C)	Oxidation (M)	Data-Dependent Acquisition	label free sample	5	ppm	0.02	Da	HCD	unspecific cleavage
/mnt/daicx/pvc-afbfaa68-aa52-416c-b273-64fb016fd745/PXD019463/170413_AM_AUT01-DN12_Liver_Tue39L243_10_DDA_2_400-1000mz_msms25_standard.raw	170413_AM_AUT01-DN12_Liver_Tue39L243_10_DDA_2_400-1000mz_msms25_standard.mzML	Carbamidomethyl (C)	Oxidation (M)	Data-Dependent Acquisition	label free sample	5	ppm	0.02	Da	HCD	unspecific cleavage
/mnt/daicx/pvc-afbfaa68-aa52-416c-b273-64fb016fd745/PXD019463/170413_AM_AUT01-DN12_Liver_Tue39L243_10_DDA_3_400-1000mz_msms26_standard.raw	170413_AM_AUT01-DN12_Liver_Tue39L243_10_DDA_3_400-1000mz_msms26_standard.mzML	Carbamidomethyl (C)	Oxidation (M)	Data-Dependent Acquisition	label free sample	5	ppm	0.02	Da	HCD	unspecific cleavage
/mnt/daicx/pvc-afbfaa68-aa52-416c-b273-64fb016fd745/PXD019463/170506_AM_AUT01-DN14_Liver_Tue39L243_10_DDA_1_400-1000mz_msms37_standard.raw	170506_AM_AUT01-DN14_Liver_Tue39L243_10_DDA_1_400-1000mz_msms37_standard.mzML	Carbamidomethyl (C)	Oxidation (M)	Data-Dependent Acquisition	label free sample	5	ppm	0.02	Da	HCD	unspecific cleavage
/mnt/daicx/pvc-afbfaa68-aa52-416c-b273-64fb016fd745/PXD019463/170506_AM_AUT01-DN14_Liver_Tue39L243_10_DDA_2_400-1000mz_msms38_standard.raw	170506_AM_AUT01-DN14_Liver_Tue39L243_10_DDA_2_400-1000mz_msms38_standard.mzML	Carbamidomethyl (C)	Oxidation (M)	Data-Dependent Acquisition	label free sample	5	ppm	0.02	Da	HCD	unspecific cleavage
/mnt/daicx/pvc-afbfaa68-aa52-416c-b273-64fb016fd745/PXD019463/170506_AM_AUT01-DN14_Liver_Tue39L243_10_DDA_3_400-1000mz_msms39_standard.raw	170506_AM_AUT01-DN14_Liver_Tue39L243_10_DDA_3_400-1000mz_msms39_standard.mzML	Carbamidomethyl (C)	Oxidation (M)	Data-Dependent Acquisition	label free sample	5	ppm	0.02	Da	HCD	unspecific cleavage
/mnt/daicx/pvc-afbfaa68-aa52-416c-b273-64fb016fd745/PXD019463/170418_AM_AUT01-DN12_Colon_Tue39L243_10_DDA_1_400-1000mz_msms19_standard.raw	170418_AM_AUT01-DN12_Colon_Tue39L243_10_DDA_1_400-1000mz_msms19_standard.mzML	Carbamidomethyl (C)	Oxidation (M)	Data-Dependent Acquisition	label free sample	5	ppm	0.02	Da	HCD	unspecific cleavage
/mnt/daicx/pvc-afbfaa68-aa52-416c-b273-64fb016fd745/PXD019463/170418_AM_AUT01-DN12_Colon_Tue39L243_10_DDA_2_400-1000mz_msms20_standard.raw	170418_AM_AUT01-DN12_Colon_Tue39L243_10_DDA_2_400-1000mz_msms20_standard.mzML	Carbamidomethyl (C)	Oxidation (M)	Data-Dependent Acquisition	label free sample	5	ppm	0.02	Da	HCD	unspecific cleavage
/mnt/daicx/pvc-afbfaa68-aa52-416c-b273-64fb016fd745/PXD019463/170418_AM_AUT01-DN12_Colon_Tue39L243_10_DDA_3_400-1000mz_msms21_standard.raw	170418_AM_AUT01-DN12_Colon_Tue39L243_10_DDA_3_400-1000mz_msms21_standard.mzML	Carbamidomethyl (C)	Oxidation (M)	Data-Dependent Acquisition	label free sample	5	ppm	0.02	Da	HCD	unspecific cleavage
/mnt/daicx/pvc-afbfaa68-aa52-416c-b273-64fb016fd745/PXD019463/170807_AM_AUT01-DN08_Esophagus_Tue39L243_10_DDA_1_400-1000mz_msms7_standard.raw	170807_AM_AUT01-DN08_Esophagus_Tue39L243_10_DDA_1_400-1000mz_msms7_standard.mzML	Carbamidomethyl (C)	Oxidation (M)	Data-Dependent Acquisition	label free sample	5	ppm	0.02	Da	HCD	unspecific cleavage
/mnt/daicx/pvc-afbfaa68-aa52-416c-b273-64fb016fd745/PXD019463/170807_AM_AUT01-DN08_Esophagus_Tue39L243_10_DDA_2_400-1000mz_msms8_standard.raw	170807_AM_AUT01-DN08_Esophagus_Tue39L243_10_DDA_2_400-1000mz_msms8_standard.mzML	Carbamidomethyl (C)	Oxidation (M)	Data-Dependent Acquisition	label free sample	5	ppm	0.02	Da	HCD	unspecific cleavage
/mnt/daicx/pvc-afbfaa68-aa52-416c-b273-64fb016fd745/PXD019463/170807_AM_AUT01-DN08_Esophagus_Tue39L243_10_DDA_3_400-1000mz_msms9_standard.raw	170807_AM_AUT01-DN08_Esophagus_Tue39L243_10_DDA_3_400-1000mz_msms9_standard.mzML	Carbamidomethyl (C)	Oxidation (M)	Data-Dependent Acquisition	label free sample	5	ppm	0.02	Da	HCD	unspecific cleavage
/mnt/daicx/pvc-afbfaa68-aa52-416c-b273-64fb016fd745/PXD019463/161021_AM_AUT01-DN09_Esophagus_Tue39L243_10_DDA_1_400-1000mz_msms29_standard.raw	161021_AM_AUT01-DN09_Esophagus_Tue39L243_10_DDA_1_400-1000mz_msms29_standard.mzML	Carbamidomethyl (C)	Oxidation (M)	Data-Dependent Acquisition	label free sample	5	ppm	0.02	Da	HCD	unspecific cleavage
/mnt/daicx/pvc-afbfaa68-aa52-416c-b273-64fb016fd745/PXD019463/161021_AM_AUT01-DN09_Esophagus_Tue39L243_10_DDA_2_400-1000mz_msms30_standard.raw	161021_AM_AUT01-DN09_Esophagus_Tue39L243_10_DDA_2_400-1000mz_msms30_standard.mzML	Carbamidomethyl (C)	Oxidation (M)	Data-Dependent Acquisition	label free sample	5	ppm	0.02	Da	HCD	unspecific cleavage
/mnt/daicx/pvc-afbfaa68-aa52-416c-b273-64fb016fd745/PXD019463/161021_AM_AUT01-DN09_Esophagus_Tue39L243_10_DDA_3_400-1000mz_msms31_standard.raw	161021_AM_AUT01-DN09_Esophagus_Tue39L243_10_DDA_3_400-1000mz_msms31_standard.mzML	Carbamidomethyl (C)	Oxidation (M)	Data-Dependent Acquisition	label free sample	5	ppm	0.02	Da	HCD	unspecific cleavage
/mnt/daicx/pvc-afbfaa68-aa52-416c-b273-64fb016fd745/PXD019463/161130_AM_AUT01-DN13_Spleen_Tue39L243_10_DDA_1_400-1000mz_msms8_standard.raw	161130_AM_AUT01-DN13_Spleen_Tue39L243_10_DDA_1_400-1000mz_msms8_standard.mzML	Carbamidomethyl (C)	Oxidation (M)	Data-Dependent Acquisition	label free sample	5	ppm	0.02	Da	HCD	unspecific cleavage
/mnt/daicx/pvc-afbfaa68-aa52-416c-b273-64fb016fd745/PXD019463/161130_AM_AUT01-DN13_Spleen_Tue39L243_10_DDA_2_400-1000mz_msms9_standard.raw	161130_AM_AUT01-DN13_Spleen_Tue39L243_10_DDA_2_400-1000mz_msms9_standard.mzML	Carbamidomethyl (C)	Oxidation (M)	Data-Dependent Acquisition	label free sample	5	ppm	0.02	Da	HCD	unspecific cleavage
/mnt/daicx/pvc-afbfaa68-aa52-416c-b273-64fb016fd745/PXD019463/161130_AM_AUT01-DN13_Spleen_Tue39L243_10_DDA_3_400-1000mz_msms10_standard.raw	161130_AM_AUT01-DN13_Spleen_Tue39L243_10_DDA_3_400-1000mz_msms10_standard.mzML	Carbamidomethyl (C)	Oxidation (M)	Data-Dependent Acquisition	label free sample	5	ppm	0.02	Da	HCD	unspecific cleavage
/mnt/daicx/pvc-afbfaa68-aa52-416c-b273-64fb016fd745/PXD019463/170206_AM_AUT01-DN13_Trachea_Tue39L243_10_DDA_1_400-1000mz_msms26_standard.raw	170206_AM_AUT01-DN13_Trachea_Tue39L243_10_DDA_1_400-1000mz_msms26_standard.mzML	Carbamidomethyl (C)	Oxidation (M)	Data-Dependent Acquisition	label free sample	5	ppm	0.02	Da	HCD	unspecific cleavage
/mnt/daicx/pvc-afbfaa68-aa52-416c-b273-64fb016fd745/PXD019463/170206_AM_AUT01-DN13_Trachea_Tue39L243_10_DDA_2_400-1000mz_msms27_standard.raw	170206_AM_AUT01-DN13_Trachea_Tue39L243_10_DDA_2_400-1000mz_msms27_standard.mzML	Carbamidomethyl (C)	Oxidation (M)	Data-Dependent Acquisition	label free sample	5	ppm	0.02	Da	HCD	unspecific cleavage
/mnt/daicx/pvc-afbfaa68-aa52-416c-b273-64fb016fd745/PXD019463/170206_AM_AUT01-DN13_Trachea_Tue39L243_10_DDA_3_400-1000mz_msms28_standard.raw	170206_AM_AUT01-DN13_Trachea_Tue39L243_10_DDA_3_400-1000mz_msms28_standard.mzML	Carbamidomethyl (C)	Oxidation (M)	Data-Dependent Acquisition	label free sample	5	ppm	0.02	Da	HCD	unspecific cleavage
/mnt/daicx/pvc-afbfaa68-aa52-416c-b273-64fb016fd745/PXD019463/171116_AM_AUT01-DN11_Heart_Tue39L243_10_DDA_1_400-1000mz_msms11_standard.raw	171116_AM_AUT01-DN11_Heart_Tue39L243_10_DDA_1_400-1000mz_msms11_standard.mzML	Carbamidomethyl (C)	Oxidation (M)	Data-Dependent Acquisition	label free sample	5	ppm	0.02	Da	HCD	unspecific cleavage
/mnt/daicx/pvc-afbfaa68-aa52-416c-b273-64fb016fd745/PXD019463/171116_AM_AUT01-DN11_Heart_Tue39L243_10_DDA_2_400-1000mz_msms12_standard.raw	171116_AM_AUT01-DN11_Heart_Tue39L243_10_DDA_2_400-1000mz_msms12_standard.mzML	Carbamidomethyl (C)	Oxidation (M)	Data-Dependent Acquisition	label free sample	5	ppm	0.02	Da	HCD	unspecific cleavage
/mnt/daicx/pvc-afbfaa68-aa52-416c-b273-64fb016fd745/PXD019463/171116_AM_AUT01-DN11_Heart_Tue39L243_10_DDA_3_400-1000mz_msms13_standard.raw	171116_AM_AUT01-DN11_Heart_Tue39L243_10_DDA_3_400-1000mz_msms13_standard.mzML	Carbamidomethyl (C)	Oxidation (M)	Data-Dependent Acquisition	label free sample	5	ppm	0.02	Da	HCD	unspecific cleavage
/mnt/daicx/pvc-afbfaa68-aa52-416c-b273-64fb016fd745/PXD019463/161115_AM_AUT01-DN06_Colon_Tue39L243_10_DDA_1_400-1000mz_msms29_standard.raw	161115_AM_AUT01-DN06_Colon_Tue39L243_10_DDA_1_400-1000mz_msms29_standard.mzML	Carbamidomethyl (C)	Oxidation (M)	Data-Dependent Acquisition	label free sample	5	ppm	0.02	Da	HCD	unspecific cleavage
/mnt/daicx/pvc-afbfaa68-aa52-416c-b273-64fb016fd745/PXD019463/161115_AM_AUT01-DN06_Colon_Tue39L243_10_DDA_2_400-1000mz_msms30_standard.raw	161115_AM_AUT01-DN06_Colon_Tue39L243_10_DDA_2_400-1000mz_msms30_standard.mzML	Carbamidomethyl (C)	Oxidation (M)	Data-Dependent Acquisition	label free sample	5	ppm	0.02	Da	HCD	unspecific cleavage
/mnt/daicx/pvc-afbfaa68-aa52-416c-b273-64fb016fd745/PXD019463/161115_AM_AUT01-DN06_Colon_Tue39L243_10_DDA_3_400-1000mz_msms31_standard.raw	161115_AM_AUT01-DN06_Colon_Tue39L243_10_DDA_3_400-1000mz_msms31_standard.mzML	Carbamidomethyl (C)	Oxidation (M)	Data-Dependent Acquisition	label free sample	5	ppm	0.02	Da	HCD	unspecific cleavage
/mnt/daicx/pvc-afbfaa68-aa52-416c-b273-64fb016fd745/PXD019463/160325_DK_AUT01-DN08_Spleen_Tue39L243_20_DDA_1_400-1000mz_msms11_SpeedVac.raw	160325_DK_AUT01-DN08_Spleen_Tue39L243_20_DDA_1_400-1000mz_msms11_SpeedVac.mzML	Carbamidomethyl (C)	Oxidation (M)	Data-Dependent Acquisition	label free sample	5	ppm	0.02	Da	HCD	unspecific cleavage
/mnt/daicx/pvc-afbfaa68-aa52-416c-b273-64fb016fd745/PXD019463/160325_DK_AUT01-DN08_Spleen_Tue39L243_20_DDA_2_400-1000mz_msms13_SpeedVac.raw	160325_DK_AUT01-DN08_Spleen_Tue39L243_20_DDA_2_400-1000mz_msms13_SpeedVac.mzML	Carbamidomethyl (C)	Oxidation (M)	Data-Dependent Acquisition	label free sample	5	ppm	0.02	Da	HCD	unspecific cleavage
/mnt/daicx/pvc-afbfaa68-aa52-416c-b273-64fb016fd745/PXD019463/160325_DK_AUT01-DN08_Spleen_Tue39L243_20_DDA_3_400-1000mz_msms15_SpeedVac.raw	160325_DK_AUT01-DN08_Spleen_Tue39L243_20_DDA_3_400-1000mz_msms15_SpeedVac.mzML	Carbamidomethyl (C)	Oxidation (M)	Data-Dependent Acquisition	label free sample	5	ppm	0.02	Da	HCD	unspecific cleavage
/mnt/daicx/pvc-afbfaa68-aa52-416c-b273-64fb016fd745/PXD019463/160902_AM_AUT01-DN06_BoneMarrow_Tue39L243_10_DDA_1_400-1000mz_msms32_standard.raw	160902_AM_AUT01-DN06_BoneMarrow_Tue39L243_10_DDA_1_400-1000mz_msms32_standard.mzML	Carbamidomethyl (C)	Oxidation (M)	Data-Dependent Acquisition	label free sample	5	ppm	0.02	Da	HCD	unspecific cleavage
/mnt/daicx/pvc-afbfaa68-aa52-416c-b273-64fb016fd745/PXD019463/160902_AM_AUT01-DN06_BoneMarrow_Tue39L243_10_DDA_2_400-1000mz_msms33_standard.raw	160902_AM_AUT01-DN06_BoneMarrow_Tue39L243_10_DDA_2_400-1000mz_msms33_standard.mzML	Carbamidomethyl (C)	Oxidation (M)	Data-Dependent Acquisition	label free sample	5	ppm	0.02	Da	HCD	unspecific cleavage
/mnt/daicx/pvc-afbfaa68-aa52-416c-b273-64fb016fd745/PXD019463/160902_AM_AUT01-DN06_BoneMarrow_Tue39L243_10_DDA_3_400-1000mz_msms34_standard.raw	160902_AM_AUT01-DN06_BoneMarrow_Tue39L243_10_DDA_3_400-1000mz_msms34_standard.mzML	Carbamidomethyl (C)	Oxidation (M)	Data-Dependent Acquisition	label free sample	5	ppm	0.02	Da	HCD	unspecific cleavage
/mnt/daicx/pvc-afbfaa68-aa52-416c-b273-64fb016fd745/PXD019463/170421_AM_AUT01-DN14_BoneMarrow_Tue39L243_10_DDA_1_400-1000mz_msms28_standard.raw	170421_AM_AUT01-DN14_BoneMarrow_Tue39L243_10_DDA_1_400-1000mz_msms28_standard.mzML	Carbamidomethyl (C)	Oxidation (M)	Data-Dependent Acquisition	label free sample	5	ppm	0.02	Da	HCD	unspecific cleavage
/mnt/daicx/pvc-afbfaa68-aa52-416c-b273-64fb016fd745/PXD019463/170421_AM_AUT01-DN14_BoneMarrow_Tue39L243_10_DDA_2_400-1000mz_msms29_standard.raw	170421_AM_AUT01-DN14_BoneMarrow_Tue39L243_10_DDA_2_400-1000mz_msms29_standard.mzML	Carbamidomethyl (C)	Oxidation (M)	Data-Dependent Acquisition	label free sample	5	ppm	0.02	Da	HCD	unspecific cleavage
/mnt/daicx/pvc-afbfaa68-aa52-416c-b273-64fb016fd745/PXD019463/170421_AM_AUT01-DN14_BoneMarrow_Tue39L243_10_DDA_3_400-1000mz_msms30_standard.raw	170421_AM_AUT01-DN14_BoneMarrow_Tue39L243_10_DDA_3_400-1000mz_msms30_standard.mzML	Carbamidomethyl (C)	Oxidation (M)	Data-Dependent Acquisition	label free sample	5	ppm	0.02	Da	HCD	unspecific cleavage
/mnt/daicx/pvc-afbfaa68-aa52-416c-b273-64fb016fd745/PXD019463/170912_AM_AUT01-DN04_Uterus_Tue39L243_10_DDA_1_400-1000mz_msms31_standard.raw	170912_AM_AUT01-DN04_Uterus_Tue39L243_10_DDA_1_400-1000mz_msms31_standard.mzML	Carbamidomethyl (C)	Oxidation (M)	Data-Dependent Acquisition	label free sample	5	ppm	0.02	Da	HCD	unspecific cleavage
/mnt/daicx/pvc-afbfaa68-aa52-416c-b273-64fb016fd745/PXD019463/170912_AM_AUT01-DN04_Uterus_Tue39L243_10_DDA_2_400-1000mz_msms32_standard.raw	170912_AM_AUT01-DN04_Uterus_Tue39L243_10_DDA_2_400-1000mz_msms32_standard.mzML	Carbamidomethyl (C)	Oxidation (M)	Data-Dependent Acquisition	label free sample	5	ppm	0.02	Da	HCD	unspecific cleavage
/mnt/daicx/pvc-afbfaa68-aa52-416c-b273-64fb016fd745/PXD019463/170912_AM_AUT01-DN04_Uterus_Tue39L243_10_DDA_3_400-1000mz_msms33_standard.raw	170912_AM_AUT01-DN04_Uterus_Tue39L243_10_DDA_3_400-1000mz_msms33_standard.mzML	Carbamidomethyl (C)	Oxidation (M)	Data-Dependent Acquisition	label free sample	5	ppm	0.02	Da	HCD	unspecific cleavage
/mnt/daicx/pvc-afbfaa68-aa52-416c-b273-64fb016fd745/PXD019463/170907_AM_AUT01-DN04_Heart_Tue39L243_10_DDA_1_400-1000mz_msms19_standard.raw	170907_AM_AUT01-DN04_Heart_Tue39L243_10_DDA_1_400-1000mz_msms19_standard.mzML	Carbamidomethyl (C)	Oxidation (M)	Data-Dependent Acquisition	label free sample	5	ppm	0.02	Da	HCD	unspecific cleavage
/mnt/daicx/pvc-afbfaa68-aa52-416c-b273-64fb016fd745/PXD019463/170907_AM_AUT01-DN04_Heart_Tue39L243_10_DDA_2_400-1000mz_msms20_standard.raw	170907_AM_AUT01-DN04_Heart_Tue39L243_10_DDA_2_400-1000mz_msms20_standard.mzML	Carbamidomethyl (C)	Oxidation (M)	Data-Dependent Acquisition	label free sample	5	ppm	0.02	Da	HCD	unspecific cleavage
/mnt/daicx/pvc-afbfaa68-aa52-416c-b273-64fb016fd745/PXD019463/170907_AM_AUT01-DN04_Heart_Tue39L243_10_DDA_3_400-1000mz_msms21_standard.raw	170907_AM_AUT01-DN04_Heart_Tue39L243_10_DDA_3_400-1000mz_msms21_standard.mzML	Carbamidomethyl (C)	Oxidation (M)	Data-Dependent Acquisition	label free sample	5	ppm	0.02	Da	HCD	unspecific cleavage
/mnt/daicx/pvc-afbfaa68-aa52-416c-b273-64fb016fd745/PXD019463/180108_AM_AUT01-DN17_Muscle_Tue39L243_10_DDA_1_400-1000mz_msms14_standard.raw	180108_AM_AUT01-DN17_Muscle_Tue39L243_10_DDA_1_400-1000mz_msms14_standard.mzML	Carbamidomethyl (C)	Oxidation (M)	Data-Dependent Acquisition	label free sample	5	ppm	0.02	Da	HCD	unspecific cleavage
/mnt/daicx/pvc-afbfaa68-aa52-416c-b273-64fb016fd745/PXD019463/180108_AM_AUT01-DN17_Muscle_Tue39L243_10_DDA_2_400-1000mz_msms15_standard.raw	180108_AM_AUT01-DN17_Muscle_Tue39L243_10_DDA_2_400-1000mz_msms15_standard.mzML	Carbamidomethyl (C)	Oxidation (M)	Data-Dependent Acquisition	label free sample	5	ppm	0.02	Da	HCD	unspecific cleavage
/mnt/daicx/pvc-afbfaa68-aa52-416c-b273-64fb016fd745/PXD019463/180108_AM_AUT01-DN17_Muscle_Tue39L243_10_DDA_3_400-1000mz_msms16_standard.raw	180108_AM_AUT01-DN17_Muscle_Tue39L243_10_DDA_3_400-1000mz_msms16_standard.mzML	Carbamidomethyl (C)	Oxidation (M)	Data-Dependent Acquisition	label free sample	5	ppm	0.02	Da	HCD	unspecific cleavage
/mnt/daicx/pvc-afbfaa68-aa52-416c-b273-64fb016fd745/PXD019463/180921_AM_AUT01-DN03_Brain_Tue39L243_NA_DDA_1_400-1000mz_msms31_Refill.raw	180921_AM_AUT01-DN03_Brain_Tue39L243_NA_DDA_1_400-1000mz_msms31_Refill.mzML	Carbamidomethyl (C)	Oxidation (M)	Data-Dependent Acquisition	label free sample	5	ppm	0.02	Da	HCD	unspecific cleavage
/mnt/daicx/pvc-afbfaa68-aa52-416c-b273-64fb016fd745/PXD019463/180921_AM_AUT01-DN03_Brain_Tue39L243_NA_DDA_2_400-1000mz_msms32_Refill.raw	180921_AM_AUT01-DN03_Brain_Tue39L243_NA_DDA_2_400-1000mz_msms32_Refill.mzML	Carbamidomethyl (C)	Oxidation (M)	Data-Dependent Acquisition	label free sample	5	ppm	0.02	Da	HCD	unspecific cleavage
/mnt/daicx/pvc-afbfaa68-aa52-416c-b273-64fb016fd745/PXD019463/180921_AM_AUT01-DN03_Brain_Tue39L243_NA_DDA_3_400-1000mz_msms33_Refill.raw	180921_AM_AUT01-DN03_Brain_Tue39L243_NA_DDA_3_400-1000mz_msms33_Refill.mzML	Carbamidomethyl (C)	Oxidation (M)	Data-Dependent Acquisition	label free sample	5	ppm	0.02	Da	HCD	unspecific cleavage
/mnt/daicx/pvc-afbfaa68-aa52-416c-b273-64fb016fd745/PXD019463/160803_AM_AUT01-DN06_Liver_Tue39L243_10_DDA_1_400-1000mz_msms7_standard.raw	160803_AM_AUT01-DN06_Liver_Tue39L243_10_DDA_1_400-1000mz_msms7_standard.mzML	Carbamidomethyl (C)	Oxidation (M)	Data-Dependent Acquisition	label free sample	5	ppm	0.02	Da	HCD	unspecific cleavage
/mnt/daicx/pvc-afbfaa68-aa52-416c-b273-64fb016fd745/PXD019463/160803_AM_AUT01-DN06_Liver_Tue39L243_10_DDA_2_400-1000mz_msms8_standard.raw	160803_AM_AUT01-DN06_Liver_Tue39L243_10_DDA_2_400-1000mz_msms8_standard.mzML	Carbamidomethyl (C)	Oxidation (M)	Data-Dependent Acquisition	label free sample	5	ppm	0.02	Da	HCD	unspecific cleavage
/mnt/daicx/pvc-afbfaa68-aa52-416c-b273-64fb016fd745/PXD019463/160803_AM_AUT01-DN06_Liver_Tue39L243_10_DDA_3_400-1000mz_msms9_standard.raw	160803_AM_AUT01-DN06_Liver_Tue39L243_10_DDA_3_400-1000mz_msms9_standard.mzML	Carbamidomethyl (C)	Oxidation (M)	Data-Dependent Acquisition	label free sample	5	ppm	0.02	Da	HCD	unspecific cleavage
/mnt/daicx/pvc-afbfaa68-aa52-416c-b273-64fb016fd745/PXD019463/161016_LF_AUT01-DN09_Stomach_Tue39L243_10_DDA_1_400-1000mz_msms10_standard.raw	161016_LF_AUT01-DN09_Stomach_Tue39L243_10_DDA_1_400-1000mz_msms10_standard.mzML	Carbamidomethyl (C)	Oxidation (M)	Data-Dependent Acquisition	label free sample	5	ppm	0.02	Da	HCD	unspecific cleavage
/mnt/daicx/pvc-afbfaa68-aa52-416c-b273-64fb016fd745/PXD019463/161016_LF_AUT01-DN09_Stomach_Tue39L243_10_DDA_2_400-1000mz_msms11_standard.raw	161016_LF_AUT01-DN09_Stomach_Tue39L243_10_DDA_2_400-1000mz_msms11_standard.mzML	Carbamidomethyl (C)	Oxidation (M)	Data-Dependent Acquisition	label free sample	5	ppm	0.02	Da	HCD	unspecific cleavage
/mnt/daicx/pvc-afbfaa68-aa52-416c-b273-64fb016fd745/PXD019463/161016_LF_AUT01-DN09_Stomach_Tue39L243_10_DDA_3_400-1000mz_msms12_standard.raw	161016_LF_AUT01-DN09_Stomach_Tue39L243_10_DDA_3_400-1000mz_msms12_standard.mzML	Carbamidomethyl (C)	Oxidation (M)	Data-Dependent Acquisition	label free sample	5	ppm	0.02	Da	HCD	unspecific cleavage
/mnt/daicx/pvc-afbfaa68-aa52-416c-b273-64fb016fd745/PXD019463/161002_AM_AUT01-DN09_Muscle_Tue39L243_10_DDA_1_400-1000mz_msms7_standard.raw	161002_AM_AUT01-DN09_Muscle_Tue39L243_10_DDA_1_400-1000mz_msms7_standard.mzML	Carbamidomethyl (C)	Oxidation (M)	Data-Dependent Acquisition	label free sample	5	ppm	0.02	Da	HCD	unspecific cleavage
/mnt/daicx/pvc-afbfaa68-aa52-416c-b273-64fb016fd745/PXD019463/161002_AM_AUT01-DN09_Muscle_Tue39L243_10_DDA_2_400-1000mz_msms8_standard.raw	161002_AM_AUT01-DN09_Muscle_Tue39L243_10_DDA_2_400-1000mz_msms8_standard.mzML	Carbamidomethyl (C)	Oxidation (M)	Data-Dependent Acquisition	label free sample	5	ppm	0.02	Da	HCD	unspecific cleavage
/mnt/daicx/pvc-afbfaa68-aa52-416c-b273-64fb016fd745/PXD019463/161002_AM_AUT01-DN09_Muscle_Tue39L243_10_DDA_3_400-1000mz_msms9_standard.raw	161002_AM_AUT01-DN09_Muscle_Tue39L243_10_DDA_3_400-1000mz_msms9_standard.mzML	Carbamidomethyl (C)	Oxidation (M)	Data-Dependent Acquisition	label free sample	5	ppm	0.02	Da	HCD	unspecific cleavage
/mnt/daicx/pvc-afbfaa68-aa52-416c-b273-64fb016fd745/PXD019463/161004_AM_AUT01-DN08_Aorta_Tue39L243_10_DDA_1_400-1000mz_msms5_standard.raw	161004_AM_AUT01-DN08_Aorta_Tue39L243_10_DDA_1_400-1000mz_msms5_standard.mzML	Carbamidomethyl (C)	Oxidation (M)	Data-Dependent Acquisition	label free sample	5	ppm	0.02	Da	HCD	unspecific cleavage
/mnt/daicx/pvc-afbfaa68-aa52-416c-b273-64fb016fd745/PXD019463/161004_AM_AUT01-DN08_Aorta_Tue39L243_10_DDA_2_400-1000mz_msms6_standard.raw	161004_AM_AUT01-DN08_Aorta_Tue39L243_10_DDA_2_400-1000mz_msms6_standard.mzML	Carbamidomethyl (C)	Oxidation (M)	Data-Dependent Acquisition	label free sample	5	ppm	0.02	Da	HCD	unspecific cleavage
/mnt/daicx/pvc-afbfaa68-aa52-416c-b273-64fb016fd745/PXD019463/161004_AM_AUT01-DN08_Aorta_Tue39L243_10_DDA_3_400-1000mz_msms7_standard.raw	161004_AM_AUT01-DN08_Aorta_Tue39L243_10_DDA_3_400-1000mz_msms7_standard.mzML	Carbamidomethyl (C)	Oxidation (M)	Data-Dependent Acquisition	label free sample	5	ppm	0.02	Da	HCD	unspecific cleavage
/mnt/daicx/pvc-afbfaa68-aa52-416c-b273-64fb016fd745/PXD019463/161126_AM_AUT01-DN13_Kidney_Tue39L243_10_DDA_1_400-1000mz_msms8_standard.raw	161126_AM_AUT01-DN13_Kidney_Tue39L243_10_DDA_1_400-1000mz_msms8_standard.mzML	Carbamidomethyl (C)	Oxidation (M)	Data-Dependent Acquisition	label free sample	5	ppm	0.02	Da	HCD	unspecific cleavage
/mnt/daicx/pvc-afbfaa68-aa52-416c-b273-64fb016fd745/PXD019463/161126_AM_AUT01-DN13_Kidney_Tue39L243_10_DDA_2_400-1000mz_msms9_standard.raw	161126_AM_AUT01-DN13_Kidney_Tue39L243_10_DDA_2_400-1000mz_msms9_standard.mzML	Carbamidomethyl (C)	Oxidation (M)	Data-Dependent Acquisition	label free sample	5	ppm	0.02	Da	HCD	unspecific cleavage
/mnt/daicx/pvc-afbfaa68-aa52-416c-b273-64fb016fd745/PXD019463/161126_AM_AUT01-DN13_Kidney_Tue39L243_10_DDA_3_400-1000mz_msms10_standard.raw	161126_AM_AUT01-DN13_Kidney_Tue39L243_10_DDA_3_400-1000mz_msms10_standard.mzML	Carbamidomethyl (C)	Oxidation (M)	Data-Dependent Acquisition	label free sample	5	ppm	0.02	Da	HCD	unspecific cleavage
/mnt/daicx/pvc-afbfaa68-aa52-416c-b273-64fb016fd745/PXD019463/170107_AM_AUT01-DN13_Aorta_Tue39L243_10_DDA_1_400-1000mz_msms31_standard.raw	170107_AM_AUT01-DN13_Aorta_Tue39L243_10_DDA_1_400-1000mz_msms31_standard.mzML	Carbamidomethyl (C)	Oxidation (M)	Data-Dependent Acquisition	label free sample	5	ppm	0.02	Da	HCD	unspecific cleavage
/mnt/daicx/pvc-afbfaa68-aa52-416c-b273-64fb016fd745/PXD019463/170107_AM_AUT01-DN13_Aorta_Tue39L243_10_DDA_2_400-1000mz_msms32_standard.raw	170107_AM_AUT01-DN13_Aorta_Tue39L243_10_DDA_2_400-1000mz_msms32_standard.mzML	Carbamidomethyl (C)	Oxidation (M)	Data-Dependent Acquisition	label free sample	5	ppm	0.02	Da	HCD	unspecific cleavage
/mnt/daicx/pvc-afbfaa68-aa52-416c-b273-64fb016fd745/PXD019463/170107_AM_AUT01-DN13_Aorta_Tue39L243_10_DDA_3_400-1000mz_msms33_standard.raw	170107_AM_AUT01-DN13_Aorta_Tue39L243_10_DDA_3_400-1000mz_msms33_standard.mzML	Carbamidomethyl (C)	Oxidation (M)	Data-Dependent Acquisition	label free sample	5	ppm	0.02	Da	HCD	unspecific cleavage
/mnt/daicx/pvc-afbfaa68-aa52-416c-b273-64fb016fd745/PXD019463/170424_AM_AUT01-DN15_BoneMarrow_Tue39L243_10_DDA_1_400-1000mz_msms11_standard.raw	170424_AM_AUT01-DN15_BoneMarrow_Tue39L243_10_DDA_1_400-1000mz_msms11_standard.mzML	Carbamidomethyl (C)	Oxidation (M)	Data-Dependent Acquisition	label free sample	5	ppm	0.02	Da	HCD	unspecific cleavage
/mnt/daicx/pvc-afbfaa68-aa52-416c-b273-64fb016fd745/PXD019463/170424_AM_AUT01-DN15_BoneMarrow_Tue39L243_10_DDA_2_400-1000mz_msms12_standard.raw	170424_AM_AUT01-DN15_BoneMarrow_Tue39L243_10_DDA_2_400-1000mz_msms12_standard.mzML	Carbamidomethyl (C)	Oxidation (M)	Data-Dependent Acquisition	label free sample	5	ppm	0.02	Da	HCD	unspecific cleavage
/mnt/daicx/pvc-afbfaa68-aa52-416c-b273-64fb016fd745/PXD019463/170424_AM_AUT01-DN15_BoneMarrow_Tue39L243_10_DDA_3_400-1000mz_msms13_standard.raw	170424_AM_AUT01-DN15_BoneMarrow_Tue39L243_10_DDA_3_400-1000mz_msms13_standard.mzML	Carbamidomethyl (C)	Oxidation (M)	Data-Dependent Acquisition	label free sample	5	ppm	0.02	Da	HCD	unspecific cleavage
/mnt/daicx/pvc-afbfaa68-aa52-416c-b273-64fb016fd745/PXD019463/180117_AM_AUT01-DN17_Bladder_Tue39L243_10_DDA_1_400-1000mz_msms27_standard.raw	180117_AM_AUT01-DN17_Bladder_Tue39L243_10_DDA_1_400-1000mz_msms27_standard.mzML	Carbamidomethyl (C)	Oxidation (M)	Data-Dependent Acquisition	label free sample	5	ppm	0.02	Da	HCD	unspecific cleavage
/mnt/daicx/pvc-afbfaa68-aa52-416c-b273-64fb016fd745/PXD019463/180117_AM_AUT01-DN17_Bladder_Tue39L243_10_DDA_2_400-1000mz_msms28_standard.raw	180117_AM_AUT01-DN17_Bladder_Tue39L243_10_DDA_2_400-1000mz_msms28_standard.mzML	Carbamidomethyl (C)	Oxidation (M)	Data-Dependent Acquisition	label free sample	5	ppm	0.02	Da	HCD	unspecific cleavage
/mnt/daicx/pvc-afbfaa68-aa52-416c-b273-64fb016fd745/PXD019463/180117_AM_AUT01-DN17_Bladder_Tue39L243_10_DDA_3_400-1000mz_msms29_standard.raw	180117_AM_AUT01-DN17_Bladder_Tue39L243_10_DDA_3_400-1000mz_msms29_standard.mzML	Carbamidomethyl (C)	Oxidation (M)	Data-Dependent Acquisition	label free sample	5	ppm	0.02	Da	HCD	unspecific cleavage
/mnt/daicx/pvc-afbfaa68-aa52-416c-b273-64fb016fd745/PXD019463/180122_AM_AUT01-DN06_Stomach_Tue39L243_10_DDA_1_400-1000mz_msms32_standard.raw	180122_AM_AUT01-DN06_Stomach_Tue39L243_10_DDA_1_400-1000mz_msms32_standard.mzML	Carbamidomethyl (C)	Oxidation (M)	Data-Dependent Acquisition	label free sample	5	ppm	0.02	Da	HCD	unspecific cleavage
/mnt/daicx/pvc-afbfaa68-aa52-416c-b273-64fb016fd745/PXD019463/180122_AM_AUT01-DN06_Stomach_Tue39L243_10_DDA_2_400-1000mz_msms33_standard.raw	180122_AM_AUT01-DN06_Stomach_Tue39L243_10_DDA_2_400-1000mz_msms33_standard.mzML	Carbamidomethyl (C)	Oxidation (M)	Data-Dependent Acquisition	label free sample	5	ppm	0.02	Da	HCD	unspecific cleavage
/mnt/daicx/pvc-afbfaa68-aa52-416c-b273-64fb016fd745/PXD019463/180122_AM_AUT01-DN06_Stomach_Tue39L243_10_DDA_3_400-1000mz_msms34_standard.raw	180122_AM_AUT01-DN06_Stomach_Tue39L243_10_DDA_3_400-1000mz_msms34_standard.mzML	Carbamidomethyl (C)	Oxidation (M)	Data-Dependent Acquisition	label free sample	5	ppm	0.02	Da	HCD	unspecific cleavage
/mnt/daicx/pvc-afbfaa68-aa52-416c-b273-64fb016fd745/PXD019463/170814_AM_AUT01-DN15_Cerebellum_Tue39L243_10_DDA_1_400-1000mz_msms19_standard.raw	170814_AM_AUT01-DN15_Cerebellum_Tue39L243_10_DDA_1_400-1000mz_msms19_standard.mzML	Carbamidomethyl (C)	Oxidation (M)	Data-Dependent Acquisition	label free sample	5	ppm	0.02	Da	HCD	unspecific cleavage
/mnt/daicx/pvc-afbfaa68-aa52-416c-b273-64fb016fd745/PXD019463/170814_AM_AUT01-DN15_Cerebellum_Tue39L243_10_DDA_2_400-1000mz_msms20_standard.raw	170814_AM_AUT01-DN15_Cerebellum_Tue39L243_10_DDA_2_400-1000mz_msms20_standard.mzML	Carbamidomethyl (C)	Oxidation (M)	Data-Dependent Acquisition	label free sample	5	ppm	0.02	Da	HCD	unspecific cleavage
/mnt/daicx/pvc-afbfaa68-aa52-416c-b273-64fb016fd745/PXD019463/170814_AM_AUT01-DN15_Cerebellum_Tue39L243_10_DDA_3_400-1000mz_msms21_standard.raw	170814_AM_AUT01-DN15_Cerebellum_Tue39L243_10_DDA_3_400-1000mz_msms21_standard.mzML	Carbamidomethyl (C)	Oxidation (M)	Data-Dependent Acquisition	label free sample	5	ppm	0.02	Da	HCD	unspecific cleavage
/mnt/daicx/pvc-afbfaa68-aa52-416c-b273-64fb016fd745/PXD019463/170524_AM_AUT01-DN06_Kidney_Tue39L243_10_DDA_1_400-1000mz_msms11_standard.raw	170524_AM_AUT01-DN06_Kidney_Tue39L243_10_DDA_1_400-1000mz_msms11_standard.mzML	Carbamidomethyl (C)	Oxidation (M)	Data-Dependent Acquisition	label free sample	5	ppm	0.02	Da	HCD	unspecific cleavage
/mnt/daicx/pvc-afbfaa68-aa52-416c-b273-64fb016fd745/PXD019463/170524_AM_AUT01-DN06_Kidney_Tue39L243_10_DDA_2_400-1000mz_msms12_standard.raw	170524_AM_AUT01-DN06_Kidney_Tue39L243_10_DDA_2_400-1000mz_msms12_standard.mzML	Carbamidomethyl (C)	Oxidation (M)	Data-Dependent Acquisition	label free sample	5	ppm	0.02	Da	HCD	unspecific cleavage
/mnt/daicx/pvc-afbfaa68-aa52-416c-b273-64fb016fd745/PXD019463/170524_AM_AUT01-DN06_Kidney_Tue39L243_10_DDA_3_400-1000mz_msms13_standard.raw	170524_AM_AUT01-DN06_Kidney_Tue39L243_10_DDA_3_400-1000mz_msms13_standard.mzML	Carbamidomethyl (C)	Oxidation (M)	Data-Dependent Acquisition	label free sample	5	ppm	0.02	Da	HCD	unspecific cleavage
/mnt/daicx/pvc-afbfaa68-aa52-416c-b273-64fb016fd745/PXD019463/170625_AM_AUT01-DN15_Liver_Tue39L243_10_DDA_1_400-1000mz_msms7_standard.raw	170625_AM_AUT01-DN15_Liver_Tue39L243_10_DDA_1_400-1000mz_msms7_standard.mzML	Carbamidomethyl (C)	Oxidation (M)	Data-Dependent Acquisition	label free sample	5	ppm	0.02	Da	HCD	unspecific cleavage
/mnt/daicx/pvc-afbfaa68-aa52-416c-b273-64fb016fd745/PXD019463/170625_AM_AUT01-DN15_Liver_Tue39L243_10_DDA_2_400-1000mz_msms8_standard.raw	170625_AM_AUT01-DN15_Liver_Tue39L243_10_DDA_2_400-1000mz_msms8_standard.mzML	Carbamidomethyl (C)	Oxidation (M)	Data-Dependent Acquisition	label free sample	5	ppm	0.02	Da	HCD	unspecific cleavage
/mnt/daicx/pvc-afbfaa68-aa52-416c-b273-64fb016fd745/PXD019463/170625_AM_AUT01-DN15_Liver_Tue39L243_10_DDA_3_400-1000mz_msms9_standard.raw	170625_AM_AUT01-DN15_Liver_Tue39L243_10_DDA_3_400-1000mz_msms9_standard.mzML	Carbamidomethyl (C)	Oxidation (M)	Data-Dependent Acquisition	label free sample	5	ppm	0.02	Da	HCD	unspecific cleavage
/mnt/daicx/pvc-afbfaa68-aa52-416c-b273-64fb016fd745/PXD019463/170929_AM_AUT01-DN17_Testis_Tue39L243_10_DDA_1_400-1000mz_msms24_standard.raw	170929_AM_AUT01-DN17_Testis_Tue39L243_10_DDA_1_400-1000mz_msms24_standard.mzML	Carbamidomethyl (C)	Oxidation (M)	Data-Dependent Acquisition	label free sample	5	ppm	0.02	Da	HCD	unspecific cleavage
/mnt/daicx/pvc-afbfaa68-aa52-416c-b273-64fb016fd745/PXD019463/170929_AM_AUT01-DN17_Testis_Tue39L243_10_DDA_2_400-1000mz_msms25_standard.raw	170929_AM_AUT01-DN17_Testis_Tue39L243_10_DDA_2_400-1000mz_msms25_standard.mzML	Carbamidomethyl (C)	Oxidation (M)	Data-Dependent Acquisition	label free sample	5	ppm	0.02	Da	HCD	unspecific cleavage
/mnt/daicx/pvc-afbfaa68-aa52-416c-b273-64fb016fd745/PXD019463/170929_AM_AUT01-DN17_Testis_Tue39L243_10_DDA_3_400-1000mz_msms26_standard.raw	170929_AM_AUT01-DN17_Testis_Tue39L243_10_DDA_3_400-1000mz_msms26_standard.mzML	Carbamidomethyl (C)	Oxidation (M)	Data-Dependent Acquisition	label free sample	5	ppm	0.02	Da	HCD	unspecific cleavage
/mnt/daicx/pvc-afbfaa68-aa52-416c-b273-64fb016fd745/PXD019463/171021_AM_AUT01-DN17_Aorta_Tue39L243_10_DDA_1_400-1000mz_msms18_standard.raw	171021_AM_AUT01-DN17_Aorta_Tue39L243_10_DDA_1_400-1000mz_msms18_standard.mzML	Carbamidomethyl (C)	Oxidation (M)	Data-Dependent Acquisition	label free sample	5	ppm	0.02	Da	HCD	unspecific cleavage
/mnt/daicx/pvc-afbfaa68-aa52-416c-b273-64fb016fd745/PXD019463/171021_AM_AUT01-DN17_Aorta_Tue39L243_10_DDA_2_400-1000mz_msms19_standard.raw	171021_AM_AUT01-DN17_Aorta_Tue39L243_10_DDA_2_400-1000mz_msms19_standard.mzML	Carbamidomethyl (C)	Oxidation (M)	Data-Dependent Acquisition	label free sample	5	ppm	0.02	Da	HCD	unspecific cleavage
/mnt/daicx/pvc-afbfaa68-aa52-416c-b273-64fb016fd745/PXD019463/171021_AM_AUT01-DN17_Aorta_Tue39L243_10_DDA_3_400-1000mz_msms20_standard.raw	171021_AM_AUT01-DN17_Aorta_Tue39L243_10_DDA_3_400-1000mz_msms20_standard.mzML	Carbamidomethyl (C)	Oxidation (M)	Data-Dependent Acquisition	label free sample	5	ppm	0.02	Da	HCD	unspecific cleavage
/mnt/daicx/pvc-afbfaa68-aa52-416c-b273-64fb016fd745/PXD019463/170705_AM_AUT01-DN06_Esophagus_Tue39L243_10_DDA_1_400-1000mz_msms7_standard.raw	170705_AM_AUT01-DN06_Esophagus_Tue39L243_10_DDA_1_400-1000mz_msms7_standard.mzML	Carbamidomethyl (C)	Oxidation (M)	Data-Dependent Acquisition	label free sample	5	ppm	0.02	Da	HCD	unspecific cleavage
/mnt/daicx/pvc-afbfaa68-aa52-416c-b273-64fb016fd745/PXD019463/170705_AM_AUT01-DN06_Esophagus_Tue39L243_10_DDA_2_400-1000mz_msms8_standard.raw	170705_AM_AUT01-DN06_Esophagus_Tue39L243_10_DDA_2_400-1000mz_msms8_standard.mzML	Carbamidomethyl (C)	Oxidation (M)	Data-Dependent Acquisition	label free sample	5	ppm	0.02	Da	HCD	unspecific cleavage
/mnt/daicx/pvc-afbfaa68-aa52-416c-b273-64fb016fd745/PXD019463/170705_AM_AUT01-DN06_Esophagus_Tue39L243_10_DDA_3_400-1000mz_msms9_standard.raw	170705_AM_AUT01-DN06_Esophagus_Tue39L243_10_DDA_3_400-1000mz_msms9_standard.mzML	Carbamidomethyl (C)	Oxidation (M)	Data-Dependent Acquisition	label free sample	5	ppm	0.02	Da	HCD	unspecific cleavage
/mnt/daicx/pvc-afbfaa68-aa52-416c-b273-64fb016fd745/PXD019463/160316_DK_AUT01-DN02_Myelon_Tue39L243_8_DDA_1_400-1000mz_msms31_standard.raw	160316_DK_AUT01-DN02_Myelon_Tue39L243_8_DDA_1_400-1000mz_msms31_standard.mzML	Carbamidomethyl (C)	Oxidation (M)	Data-Dependent Acquisition	label free sample	5	ppm	0.02	Da	HCD	unspecific cleavage
/mnt/daicx/pvc-afbfaa68-aa52-416c-b273-64fb016fd745/PXD019463/160316_DK_AUT01-DN02_Myelon_Tue39L243_8_DDA_2_400-1000mz_msms32_standard.raw	160316_DK_AUT01-DN02_Myelon_Tue39L243_8_DDA_2_400-1000mz_msms32_standard.mzML	Carbamidomethyl (C)	Oxidation (M)	Data-Dependent Acquisition	label free sample	5	ppm	0.02	Da	HCD	unspecific cleavage
/mnt/daicx/pvc-afbfaa68-aa52-416c-b273-64fb016fd745/PXD019463/160316_DK_AUT01-DN02_Myelon_Tue39L243_8_DDA_3_400-1000mz_msms33_standard.raw	160316_DK_AUT01-DN02_Myelon_Tue39L243_8_DDA_3_400-1000mz_msms33_standard.mzML	Carbamidomethyl (C)	Oxidation (M)	Data-Dependent Acquisition	label free sample	5	ppm	0.02	Da	HCD	unspecific cleavage
/mnt/daicx/pvc-afbfaa68-aa52-416c-b273-64fb016fd745/PXD019463/170102_AM_AUT01-DN13_Pancreas_Tue39L243_20_DDA_1_400-1000mz_msms32_standard.raw	170102_AM_AUT01-DN13_Pancreas_Tue39L243_20_DDA_1_400-1000mz_msms32_standard.mzML	Carbamidomethyl (C)	Oxidation (M)	Data-Dependent Acquisition	label free sample	5	ppm	0.02	Da	HCD	unspecific cleavage
/mnt/daicx/pvc-afbfaa68-aa52-416c-b273-64fb016fd745/PXD019463/170102_AM_AUT01-DN13_Pancreas_Tue39L243_20_DDA_2_400-1000mz_msms33_standard.raw	170102_AM_AUT01-DN13_Pancreas_Tue39L243_20_DDA_2_400-1000mz_msms33_standard.mzML	Carbamidomethyl (C)	Oxidation (M)	Data-Dependent Acquisition	label free sample	5	ppm	0.02	Da	HCD	unspecific cleavage
/mnt/daicx/pvc-afbfaa68-aa52-416c-b273-64fb016fd745/PXD019463/170102_AM_AUT01-DN13_Pancreas_Tue39L243_20_DDA_3_400-1000mz_msms34_standard.raw	170102_AM_AUT01-DN13_Pancreas_Tue39L243_20_DDA_3_400-1000mz_msms34_standard.mzML	Carbamidomethyl (C)	Oxidation (M)	Data-Dependent Acquisition	label free sample	5	ppm	0.02	Da	HCD	unspecific cleavage
/mnt/daicx/pvc-afbfaa68-aa52-416c-b273-64fb016fd745/PXD019463/161218_AM_AUT01-DN11_SmallIntestine_Tue39L243_10_DDA_1_400-1000mz_msms7_Jejunum.raw	161218_AM_AUT01-DN11_SmallIntestine_Tue39L243_10_DDA_1_400-1000mz_msms7_Jejunum.mzML	Carbamidomethyl (C)	Oxidation (M)	Data-Dependent Acquisition	label free sample	5	ppm	0.02	Da	HCD	unspecific cleavage
/mnt/daicx/pvc-afbfaa68-aa52-416c-b273-64fb016fd745/PXD019463/161218_AM_AUT01-DN11_SmallIntestine_Tue39L243_10_DDA_2_400-1000mz_msms8_Jejunum.raw	161218_AM_AUT01-DN11_SmallIntestine_Tue39L243_10_DDA_2_400-1000mz_msms8_Jejunum.mzML	Carbamidomethyl (C)	Oxidation (M)	Data-Dependent Acquisition	label free sample	5	ppm	0.02	Da	HCD	unspecific cleavage
/mnt/daicx/pvc-afbfaa68-aa52-416c-b273-64fb016fd745/PXD019463/161218_AM_AUT01-DN11_SmallIntestine_Tue39L243_10_DDA_3_400-1000mz_msms9_Jejunum.raw	161218_AM_AUT01-DN11_SmallIntestine_Tue39L243_10_DDA_3_400-1000mz_msms9_Jejunum.mzML	Carbamidomethyl (C)	Oxidation (M)	Data-Dependent Acquisition	label free sample	5	ppm	0.02	Da	HCD	unspecific cleavage
/mnt/daicx/pvc-afbfaa68-aa52-416c-b273-64fb016fd745/PXD019463/170823_AM_AUT01-DN14_Gallbladder_Tue39L243_10_DDA_1_400-1000mz_msms23_standard.raw	170823_AM_AUT01-DN14_Gallbladder_Tue39L243_10_DDA_1_400-1000mz_msms23_standard.mzML	Carbamidomethyl (C)	Oxidation (M)	Data-Dependent Acquisition	label free sample	5	ppm	0.02	Da	HCD	unspecific cleavage
/mnt/daicx/pvc-afbfaa68-aa52-416c-b273-64fb016fd745/PXD019463/170823_AM_AUT01-DN14_Gallbladder_Tue39L243_10_DDA_2_400-1000mz_msms24_standard.raw	170823_AM_AUT01-DN14_Gallbladder_Tue39L243_10_DDA_2_400-1000mz_msms24_standard.mzML	Carbamidomethyl (C)	Oxidation (M)	Data-Dependent Acquisition	label free sample	5	ppm	0.02	Da	HCD	unspecific cleavage
/mnt/daicx/pvc-afbfaa68-aa52-416c-b273-64fb016fd745/PXD019463/170823_AM_AUT01-DN14_Gallbladder_Tue39L243_10_DDA_3_400-1000mz_msms25_standard.raw	170823_AM_AUT01-DN14_Gallbladder_Tue39L243_10_DDA_3_400-1000mz_msms25_standard.mzML	Carbamidomethyl (C)	Oxidation (M)	Data-Dependent Acquisition	label free sample	5	ppm	0.02	Da	HCD	unspecific cleavage
/mnt/daicx/pvc-afbfaa68-aa52-416c-b273-64fb016fd745/PXD019463/170814_AM_AUT01-DN15_Colon_Tue39L243_10_DDA_1_400-1000mz_msms31_standard.raw	170814_AM_AUT01-DN15_Colon_Tue39L243_10_DDA_1_400-1000mz_msms31_standard.mzML	Carbamidomethyl (C)	Oxidation (M)	Data-Dependent Acquisition	label free sample	5	ppm	0.02	Da	HCD	unspecific cleavage
/mnt/daicx/pvc-afbfaa68-aa52-416c-b273-64fb016fd745/PXD019463/170814_AM_AUT01-DN15_Colon_Tue39L243_10_DDA_2_400-1000mz_msms32_standard.raw	170814_AM_AUT01-DN15_Colon_Tue39L243_10_DDA_2_400-1000mz_msms32_standard.mzML	Carbamidomethyl (C)	Oxidation (M)	Data-Dependent Acquisition	label free sample	5	ppm	0.02	Da	HCD	unspecific cleavage
/mnt/daicx/pvc-afbfaa68-aa52-416c-b273-64fb016fd745/PXD019463/170814_AM_AUT01-DN15_Colon_Tue39L243_10_DDA_3_400-1000mz_msms33_standard.raw	170814_AM_AUT01-DN15_Colon_Tue39L243_10_DDA_3_400-1000mz_msms33_standard.mzML	Carbamidomethyl (C)	Oxidation (M)	Data-Dependent Acquisition	label free sample	5	ppm	0.02	Da	HCD	unspecific cleavage
/mnt/daicx/pvc-afbfaa68-aa52-416c-b273-64fb016fd745/PXD019463/170424_AM_AUT01-DN12_Brain_Tue39L243_10_DDA_1_400-1000mz_msms36_standard.raw	170424_AM_AUT01-DN12_Brain_Tue39L243_10_DDA_1_400-1000mz_msms36_standard.mzML	Carbamidomethyl (C)	Oxidation (M)	Data-Dependent Acquisition	label free sample	5	ppm	0.02	Da	HCD	unspecific cleavage
/mnt/daicx/pvc-afbfaa68-aa52-416c-b273-64fb016fd745/PXD019463/170424_AM_AUT01-DN12_Brain_Tue39L243_10_DDA_2_400-1000mz_msms37_standard.raw	170424_AM_AUT01-DN12_Brain_Tue39L243_10_DDA_2_400-1000mz_msms37_standard.mzML	Carbamidomethyl (C)	Oxidation (M)	Data-Dependent Acquisition	label free sample	5	ppm	0.02	Da	HCD	unspecific cleavage
/mnt/daicx/pvc-afbfaa68-aa52-416c-b273-64fb016fd745/PXD019463/170424_AM_AUT01-DN12_Brain_Tue39L243_10_DDA_3_400-1000mz_msms38_standard.raw	170424_AM_AUT01-DN12_Brain_Tue39L243_10_DDA_3_400-1000mz_msms38_standard.mzML	Carbamidomethyl (C)	Oxidation (M)	Data-Dependent Acquisition	label free sample	5	ppm	0.02	Da	HCD	unspecific cleavage
/mnt/daicx/pvc-afbfaa68-aa52-416c-b273-64fb016fd745/PXD019463/170623_AM_AUT01-DN15_Lung_Tue39L243_10_DDA_1_400-1000mz_msms7_standard.raw	170623_AM_AUT01-DN15_Lung_Tue39L243_10_DDA_1_400-1000mz_msms7_standard.mzML	Carbamidomethyl (C)	Oxidation (M)	Data-Dependent Acquisition	label free sample	5	ppm	0.02	Da	HCD	unspecific cleavage
/mnt/daicx/pvc-afbfaa68-aa52-416c-b273-64fb016fd745/PXD019463/170623_AM_AUT01-DN15_Lung_Tue39L243_10_DDA_2_400-1000mz_msms8_standard.raw	170623_AM_AUT01-DN15_Lung_Tue39L243_10_DDA_2_400-1000mz_msms8_standard.mzML	Carbamidomethyl (C)	Oxidation (M)	Data-Dependent Acquisition	label free sample	5	ppm	0.02	Da	HCD	unspecific cleavage
/mnt/daicx/pvc-afbfaa68-aa52-416c-b273-64fb016fd745/PXD019463/170623_AM_AUT01-DN15_Lung_Tue39L243_10_DDA_3_400-1000mz_msms9_standard.raw	170623_AM_AUT01-DN15_Lung_Tue39L243_10_DDA_3_400-1000mz_msms9_standard.mzML	Carbamidomethyl (C)	Oxidation (M)	Data-Dependent Acquisition	label free sample	5	ppm	0.02	Da	HCD	unspecific cleavage
/mnt/daicx/pvc-afbfaa68-aa52-416c-b273-64fb016fd745/PXD019463/170615_AM_AUT01-DN15_AdrenalGland_Tue39L243_10_DDA_1_400-1000mz_msms7_standard.raw	170615_AM_AUT01-DN15_AdrenalGland_Tue39L243_10_DDA_1_400-1000mz_msms7_standard.mzML	Carbamidomethyl (C)	Oxidation (M)	Data-Dependent Acquisition	label free sample	5	ppm	0.02	Da	HCD	unspecific cleavage
/mnt/daicx/pvc-afbfaa68-aa52-416c-b273-64fb016fd745/PXD019463/170615_AM_AUT01-DN15_AdrenalGland_Tue39L243_10_DDA_2_400-1000mz_msms8_standard.raw	170615_AM_AUT01-DN15_AdrenalGland_Tue39L243_10_DDA_2_400-1000mz_msms8_standard.mzML	Carbamidomethyl (C)	Oxidation (M)	Data-Dependent Acquisition	label free sample	5	ppm	0.02	Da	HCD	unspecific cleavage
/mnt/daicx/pvc-afbfaa68-aa52-416c-b273-64fb016fd745/PXD019463/170615_AM_AUT01-DN15_AdrenalGland_Tue39L243_10_DDA_3_400-1000mz_msms9_standard.raw	170615_AM_AUT01-DN15_AdrenalGland_Tue39L243_10_DDA_3_400-1000mz_msms9_standard.mzML	Carbamidomethyl (C)	Oxidation (M)	Data-Dependent Acquisition	label free sample	5	ppm	0.02	Da	HCD	unspecific cleavage
/mnt/daicx/pvc-afbfaa68-aa52-416c-b273-64fb016fd745/PXD019463/171124_AM_AUT01-DN11_Gallbladder_Tue39L243_10_DDA_1_400-1000mz_msms14_standard.raw	171124_AM_AUT01-DN11_Gallbladder_Tue39L243_10_DDA_1_400-1000mz_msms14_standard.mzML	Carbamidomethyl (C)	Oxidation (M)	Data-Dependent Acquisition	label free sample	5	ppm	0.02	Da	HCD	unspecific cleavage
/mnt/daicx/pvc-afbfaa68-aa52-416c-b273-64fb016fd745/PXD019463/171124_AM_AUT01-DN11_Gallbladder_Tue39L243_10_DDA_2_400-1000mz_msms15_standard.raw	171124_AM_AUT01-DN11_Gallbladder_Tue39L243_10_DDA_2_400-1000mz_msms15_standard.mzML	Carbamidomethyl (C)	Oxidation (M)	Data-Dependent Acquisition	label free sample	5	ppm	0.02	Da	HCD	unspecific cleavage
/mnt/daicx/pvc-afbfaa68-aa52-416c-b273-64fb016fd745/PXD019463/171124_AM_AUT01-DN11_Gallbladder_Tue39L243_10_DDA_3_400-1000mz_msms16_standard.raw	171124_AM_AUT01-DN11_Gallbladder_Tue39L243_10_DDA_3_400-1000mz_msms16_standard.mzML	Carbamidomethyl (C)	Oxidation (M)	Data-Dependent Acquisition	label free sample	5	ppm	0.02	Da	HCD	unspecific cleavage
/mnt/daicx/pvc-afbfaa68-aa52-416c-b273-64fb016fd745/PXD019463/170107_AM_AUT01-DN13_Prostate_Tue39L243_10_DDA_1_400-1000mz_msms7_standard.raw	170107_AM_AUT01-DN13_Prostate_Tue39L243_10_DDA_1_400-1000mz_msms7_standard.mzML	Carbamidomethyl (C)	Oxidation (M)	Data-Dependent Acquisition	label free sample	5	ppm	0.02	Da	HCD	unspecific cleavage
/mnt/daicx/pvc-afbfaa68-aa52-416c-b273-64fb016fd745/PXD019463/170107_AM_AUT01-DN13_Prostate_Tue39L243_10_DDA_2_400-1000mz_msms8_standard.raw	170107_AM_AUT01-DN13_Prostate_Tue39L243_10_DDA_2_400-1000mz_msms8_standard.mzML	Carbamidomethyl (C)	Oxidation (M)	Data-Dependent Acquisition	label free sample	5	ppm	0.02	Da	HCD	unspecific cleavage
/mnt/daicx/pvc-afbfaa68-aa52-416c-b273-64fb016fd745/PXD019463/170107_AM_AUT01-DN13_Prostate_Tue39L243_10_DDA_3_400-1000mz_msms9_standard.raw	170107_AM_AUT01-DN13_Prostate_Tue39L243_10_DDA_3_400-1000mz_msms9_standard.mzML	Carbamidomethyl (C)	Oxidation (M)	Data-Dependent Acquisition	label free sample	5	ppm	0.02	Da	HCD	unspecific cleavage
/mnt/daicx/pvc-afbfaa68-aa52-416c-b273-64fb016fd745/PXD019463/170915_AM_AUT01-DN11_Stomach_Tue39L243_10_DDA_1_400-1000mz_msms7_standard.raw	170915_AM_AUT01-DN11_Stomach_Tue39L243_10_DDA_1_400-1000mz_msms7_standard.mzML	Carbamidomethyl (C)	Oxidation (M)	Data-Dependent Acquisition	label free sample	5	ppm	0.02	Da	HCD	unspecific cleavage
/mnt/daicx/pvc-afbfaa68-aa52-416c-b273-64fb016fd745/PXD019463/170915_AM_AUT01-DN11_Stomach_Tue39L243_10_DDA_2_400-1000mz_msms8_standard.raw	170915_AM_AUT01-DN11_Stomach_Tue39L243_10_DDA_2_400-1000mz_msms8_standard.mzML	Carbamidomethyl (C)	Oxidation (M)	Data-Dependent Acquisition	label free sample	5	ppm	0.02	Da	HCD	unspecific cleavage
/mnt/daicx/pvc-afbfaa68-aa52-416c-b273-64fb016fd745/PXD019463/170915_AM_AUT01-DN11_Stomach_Tue39L243_10_DDA_3_400-1000mz_msms9_standard.raw	170915_AM_AUT01-DN11_Stomach_Tue39L243_10_DDA_3_400-1000mz_msms9_standard.mzML	Carbamidomethyl (C)	Oxidation (M)	Data-Dependent Acquisition	label free sample	5	ppm	0.02	Da	HCD	unspecific cleavage
/mnt/daicx/pvc-afbfaa68-aa52-416c-b273-64fb016fd745/PXD019463/170527_AM_AUT01-DN08_AdrenalGland_Tue39L243_10_DDA_1_400-1000mz_msms19_standard.raw	170527_AM_AUT01-DN08_AdrenalGland_Tue39L243_10_DDA_1_400-1000mz_msms19_standard.mzML	Carbamidomethyl (C)	Oxidation (M)	Data-Dependent Acquisition	label free sample	5	ppm	0.02	Da	HCD	unspecific cleavage
/mnt/daicx/pvc-afbfaa68-aa52-416c-b273-64fb016fd745/PXD019463/170527_AM_AUT01-DN08_AdrenalGland_Tue39L243_10_DDA_2_400-1000mz_msms20_standard.raw	170527_AM_AUT01-DN08_AdrenalGland_Tue39L243_10_DDA_2_400-1000mz_msms20_standard.mzML	Carbamidomethyl (C)	Oxidation (M)	Data-Dependent Acquisition	label free sample	5	ppm	0.02	Da	HCD	unspecific cleavage
/mnt/daicx/pvc-afbfaa68-aa52-416c-b273-64fb016fd745/PXD019463/170527_AM_AUT01-DN08_AdrenalGland_Tue39L243_10_DDA_3_400-1000mz_msms21_standard.raw	170527_AM_AUT01-DN08_AdrenalGland_Tue39L243_10_DDA_3_400-1000mz_msms21_standard.mzML	Carbamidomethyl (C)	Oxidation (M)	Data-Dependent Acquisition	label free sample	5	ppm	0.02	Da	HCD	unspecific cleavage
/mnt/daicx/pvc-afbfaa68-aa52-416c-b273-64fb016fd745/PXD019463/160625_DK_AUT01-DN08_Muscle_Tue39L243_20_DDA_1_400-1000mz_msms44_standard.raw	160625_DK_AUT01-DN08_Muscle_Tue39L243_20_DDA_1_400-1000mz_msms44_standard.mzML	Carbamidomethyl (C)	Oxidation (M)	Data-Dependent Acquisition	label free sample	5	ppm	0.02	Da	HCD	unspecific cleavage
/mnt/daicx/pvc-afbfaa68-aa52-416c-b273-64fb016fd745/PXD019463/160625_DK_AUT01-DN08_Muscle_Tue39L243_20_DDA_2_400-1000mz_msms45_standard.raw	160625_DK_AUT01-DN08_Muscle_Tue39L243_20_DDA_2_400-1000mz_msms45_standard.mzML	Carbamidomethyl (C)	Oxidation (M)	Data-Dependent Acquisition	label free sample	5	ppm	0.02	Da	HCD	unspecific cleavage
/mnt/daicx/pvc-afbfaa68-aa52-416c-b273-64fb016fd745/PXD019463/160625_DK_AUT01-DN08_Muscle_Tue39L243_20_DDA_3_400-1000mz_msms46_standard.raw	160625_DK_AUT01-DN08_Muscle_Tue39L243_20_DDA_3_400-1000mz_msms46_standard.mzML	Carbamidomethyl (C)	Oxidation (M)	Data-Dependent Acquisition	label free sample	5	ppm	0.02	Da	HCD	unspecific cleavage
/mnt/daicx/pvc-afbfaa68-aa52-416c-b273-64fb016fd745/PXD019463/170922_AM_AUT01-DN08_Stomach_Tue39L243_10_DDA_1_400-1000mz_msms4_standard.raw	170922_AM_AUT01-DN08_Stomach_Tue39L243_10_DDA_1_400-1000mz_msms4_standard.mzML	Carbamidomethyl (C)	Oxidation (M)	Data-Dependent Acquisition	label free sample	5	ppm	0.02	Da	HCD	unspecific cleavage
/mnt/daicx/pvc-afbfaa68-aa52-416c-b273-64fb016fd745/PXD019463/170922_AM_AUT01-DN08_Stomach_Tue39L243_10_DDA_2_400-1000mz_msms5_standard.raw	170922_AM_AUT01-DN08_Stomach_Tue39L243_10_DDA_2_400-1000mz_msms5_standard.mzML	Carbamidomethyl (C)	Oxidation (M)	Data-Dependent Acquisition	label free sample	5	ppm	0.02	Da	HCD	unspecific cleavage
/mnt/daicx/pvc-afbfaa68-aa52-416c-b273-64fb016fd745/PXD019463/170922_AM_AUT01-DN08_Stomach_Tue39L243_10_DDA_3_400-1000mz_msms6_standard.raw	170922_AM_AUT01-DN08_Stomach_Tue39L243_10_DDA_3_400-1000mz_msms6_standard.mzML	Carbamidomethyl (C)	Oxidation (M)	Data-Dependent Acquisition	label free sample	5	ppm	0.02	Da	HCD	unspecific cleavage
/mnt/daicx/pvc-afbfaa68-aa52-416c-b273-64fb016fd745/PXD019463/181015_AM_AUT01-DN03_Heart_Tue39L243_NA_DDA_1_400-1000mz_msms13_Refill.raw	181015_AM_AUT01-DN03_Heart_Tue39L243_NA_DDA_1_400-1000mz_msms13_Refill.mzML	Carbamidomethyl (C)	Oxidation (M)	Data-Dependent Acquisition	label free sample	5	ppm	0.02	Da	HCD	unspecific cleavage
/mnt/daicx/pvc-afbfaa68-aa52-416c-b273-64fb016fd745/PXD019463/181015_AM_AUT01-DN03_Heart_Tue39L243_NA_DDA_2_400-1000mz_msms14_Refill.raw	181015_AM_AUT01-DN03_Heart_Tue39L243_NA_DDA_2_400-1000mz_msms14_Refill.mzML	Carbamidomethyl (C)	Oxidation (M)	Data-Dependent Acquisition	label free sample	5	ppm	0.02	Da	HCD	unspecific cleavage
/mnt/daicx/pvc-afbfaa68-aa52-416c-b273-64fb016fd745/PXD019463/181015_AM_AUT01-DN03_Heart_Tue39L243_NA_DDA_3_400-1000mz_msms15_Refill.raw	181015_AM_AUT01-DN03_Heart_Tue39L243_NA_DDA_3_400-1000mz_msms15_Refill.mzML	Carbamidomethyl (C)	Oxidation (M)	Data-Dependent Acquisition	label free sample	5	ppm	0.02	Da	HCD	unspecific cleavage
/mnt/daicx/pvc-afbfaa68-aa52-416c-b273-64fb016fd745/PXD019463/170212_AM_AUT01-DN13_Skin_Tue39L243_10_DDA_1_400-1000mz_msms7_standard.raw	170212_AM_AUT01-DN13_Skin_Tue39L243_10_DDA_1_400-1000mz_msms7_standard.mzML	Carbamidomethyl (C)	Oxidation (M)	Data-Dependent Acquisition	label free sample	5	ppm	0.02	Da	HCD	unspecific cleavage
/mnt/daicx/pvc-afbfaa68-aa52-416c-b273-64fb016fd745/PXD019463/170212_AM_AUT01-DN13_Skin_Tue39L243_10_DDA_2_400-1000mz_msms8_standard.raw	170212_AM_AUT01-DN13_Skin_Tue39L243_10_DDA_2_400-1000mz_msms8_standard.mzML	Carbamidomethyl (C)	Oxidation (M)	Data-Dependent Acquisition	label free sample	5	ppm	0.02	Da	HCD	unspecific cleavage
/mnt/daicx/pvc-afbfaa68-aa52-416c-b273-64fb016fd745/PXD019463/170212_AM_AUT01-DN13_Skin_Tue39L243_10_DDA_3_400-1000mz_msms9_standard.raw	170212_AM_AUT01-DN13_Skin_Tue39L243_10_DDA_3_400-1000mz_msms9_standard.mzML	Carbamidomethyl (C)	Oxidation (M)	Data-Dependent Acquisition	label free sample	5	ppm	0.02	Da	HCD	unspecific cleavage
/mnt/daicx/pvc-afbfaa68-aa52-416c-b273-64fb016fd745/PXD019463/161105_AM_AUT01-DN11_Liver_Tue39L243_10_DDA_1_400-1000mz_msms7_standard.raw	161105_AM_AUT01-DN11_Liver_Tue39L243_10_DDA_1_400-1000mz_msms7_standard.mzML	Carbamidomethyl (C)	Oxidation (M)	Data-Dependent Acquisition	label free sample	5	ppm	0.02	Da	HCD	unspecific cleavage
/mnt/daicx/pvc-afbfaa68-aa52-416c-b273-64fb016fd745/PXD019463/161105_AM_AUT01-DN11_Liver_Tue39L243_10_DDA_2_400-1000mz_msms8_standard.raw	161105_AM_AUT01-DN11_Liver_Tue39L243_10_DDA_2_400-1000mz_msms8_standard.mzML	Carbamidomethyl (C)	Oxidation (M)	Data-Dependent Acquisition	label free sample	5	ppm	0.02	Da	HCD	unspecific cleavage
/mnt/daicx/pvc-afbfaa68-aa52-416c-b273-64fb016fd745/PXD019463/161105_AM_AUT01-DN11_Liver_Tue39L243_10_DDA_3_400-1000mz_msms9_standard.raw	161105_AM_AUT01-DN11_Liver_Tue39L243_10_DDA_3_400-1000mz_msms9_standard.mzML	Carbamidomethyl (C)	Oxidation (M)	Data-Dependent Acquisition	label free sample	5	ppm	0.02	Da	HCD	unspecific cleavage
/mnt/daicx/pvc-afbfaa68-aa52-416c-b273-64fb016fd745/PXD019463/170714_AM_AUT01-DN12_Aorta_Tue39L243_10_DDA_2_400-1000mz_msms11_standard.raw	170714_AM_AUT01-DN12_Aorta_Tue39L243_10_DDA_2_400-1000mz_msms11_standard.mzML	Carbamidomethyl (C)	Oxidation (M)	Data-Dependent Acquisition	label free sample	5	ppm	0.02	Da	HCD	unspecific cleavage
/mnt/daicx/pvc-afbfaa68-aa52-416c-b273-64fb016fd745/PXD019463/170714_AM_AUT01-DN12_Aorta_Tue39L243_10_DDA_3_400-1000mz_msms12_standard.raw	170714_AM_AUT01-DN12_Aorta_Tue39L243_10_DDA_3_400-1000mz_msms12_standard.mzML	Carbamidomethyl (C)	Oxidation (M)	Data-Dependent Acquisition	label free sample	5	ppm	0.02	Da	HCD	unspecific cleavage
/mnt/daicx/pvc-afbfaa68-aa52-416c-b273-64fb016fd745/PXD019463/170715_AM_AUT01-DN12_Aorta_Tue39L243_10_DDA_1new_400-1000mz_msms17_standard.raw	170715_AM_AUT01-DN12_Aorta_Tue39L243_10_DDA_1new_400-1000mz_msms17_standard.mzML	Carbamidomethyl (C)	Oxidation (M)	Data-Dependent Acquisition	label free sample	5	ppm	0.02	Da	HCD	unspecific cleavage
/mnt/daicx/pvc-afbfaa68-aa52-416c-b273-64fb016fd745/PXD019463/170513_AM_AUT01-DN14_Cerebellum_Tue39L243_10_DDA_1_400-1000mz_msms19_standard.raw	170513_AM_AUT01-DN14_Cerebellum_Tue39L243_10_DDA_1_400-1000mz_msms19_standard.mzML	Carbamidomethyl (C)	Oxidation (M)	Data-Dependent Acquisition	label free sample	5	ppm	0.02	Da	HCD	unspecific cleavage
/mnt/daicx/pvc-afbfaa68-aa52-416c-b273-64fb016fd745/PXD019463/170513_AM_AUT01-DN14_Cerebellum_Tue39L243_10_DDA_2_400-1000mz_msms20_standard.raw	170513_AM_AUT01-DN14_Cerebellum_Tue39L243_10_DDA_2_400-1000mz_msms20_standard.mzML	Carbamidomethyl (C)	Oxidation (M)	Data-Dependent Acquisition	label free sample	5	ppm	0.02	Da	HCD	unspecific cleavage
/mnt/daicx/pvc-afbfaa68-aa52-416c-b273-64fb016fd745/PXD019463/170513_AM_AUT01-DN14_Cerebellum_Tue39L243_10_DDA_3_400-1000mz_msms21_standard.raw	170513_AM_AUT01-DN14_Cerebellum_Tue39L243_10_DDA_3_400-1000mz_msms21_standard.mzML	Carbamidomethyl (C)	Oxidation (M)	Data-Dependent Acquisition	label free sample	5	ppm	0.02	Da	HCD	unspecific cleavage
/mnt/daicx/pvc-afbfaa68-aa52-416c-b273-64fb016fd745/PXD019463/170801_AM_AUT01-DN14_Tongue_Tue39L243_10_DDA_1_400-1000mz_msms7_standard.raw	170801_AM_AUT01-DN14_Tongue_Tue39L243_10_DDA_1_400-1000mz_msms7_standard.mzML	Carbamidomethyl (C)	Oxidation (M)	Data-Dependent Acquisition	label free sample	5	ppm	0.02	Da	HCD	unspecific cleavage
/mnt/daicx/pvc-afbfaa68-aa52-416c-b273-64fb016fd745/PXD019463/170801_AM_AUT01-DN14_Tongue_Tue39L243_10_DDA_2_400-1000mz_msms8_standard.raw	170801_AM_AUT01-DN14_Tongue_Tue39L243_10_DDA_2_400-1000mz_msms8_standard.mzML	Carbamidomethyl (C)	Oxidation (M)	Data-Dependent Acquisition	label free sample	5	ppm	0.02	Da	HCD	unspecific cleavage
/mnt/daicx/pvc-afbfaa68-aa52-416c-b273-64fb016fd745/PXD019463/170801_AM_AUT01-DN14_Tongue_Tue39L243_10_DDA_3_400-1000mz_msms9_standard.raw	170801_AM_AUT01-DN14_Tongue_Tue39L243_10_DDA_3_400-1000mz_msms9_standard.mzML	Carbamidomethyl (C)	Oxidation (M)	Data-Dependent Acquisition	label free sample	5	ppm	0.02	Da	HCD	unspecific cleavage
/mnt/daicx/pvc-afbfaa68-aa52-416c-b273-64fb016fd745/PXD019463/170407_AM_AUT01-DN13_Muscle_Tue39L243_10_DDA_1new_400-1000mz_msms20_standard.raw	170407_AM_AUT01-DN13_Muscle_Tue39L243_10_DDA_1new_400-1000mz_msms20_standard.mzML	Carbamidomethyl (C)	Oxidation (M)	Data-Dependent Acquisition	label free sample	5	ppm	0.02	Da	HCD	unspecific cleavage
/mnt/daicx/pvc-afbfaa68-aa52-416c-b273-64fb016fd745/PXD019463/170407_AM_AUT01-DN13_Muscle_Tue39L243_10_DDA_2_400-1000mz_msm16_standard.raw	170407_AM_AUT01-DN13_Muscle_Tue39L243_10_DDA_2_400-1000mz_msm16_standard.mzML	Carbamidomethyl (C)	Oxidation (M)	Data-Dependent Acquisition	label free sample	5	ppm	0.02	Da	HCD	unspecific cleavage
/mnt/daicx/pvc-afbfaa68-aa52-416c-b273-64fb016fd745/PXD019463/170407_AM_AUT01-DN13_Muscle_Tue39L243_10_DDA_3_400-1000mz_msms17_standard.raw	170407_AM_AUT01-DN13_Muscle_Tue39L243_10_DDA_3_400-1000mz_msms17_standard.mzML	Carbamidomethyl (C)	Oxidation (M)	Data-Dependent Acquisition	label free sample	5	ppm	0.02	Da	HCD	unspecific cleavage
/mnt/daicx/pvc-afbfaa68-aa52-416c-b273-64fb016fd745/PXD019463/160617_DK_AUT01-DN06_LymphNode_Tue39L243_20_DDA_1_400-1000mz_msms8_standard.raw	160617_DK_AUT01-DN06_LymphNode_Tue39L243_20_DDA_1_400-1000mz_msms8_standard.mzML	Carbamidomethyl (C)	Oxidation (M)	Data-Dependent Acquisition	label free sample	5	ppm	0.02	Da	HCD	unspecific cleavage
/mnt/daicx/pvc-afbfaa68-aa52-416c-b273-64fb016fd745/PXD019463/160617_DK_AUT01-DN06_LymphNode_Tue39L243_20_DDA_2_400-1000mz_msms9_standard.raw	160617_DK_AUT01-DN06_LymphNode_Tue39L243_20_DDA_2_400-1000mz_msms9_standard.mzML	Carbamidomethyl (C)	Oxidation (M)	Data-Dependent Acquisition	label free sample	5	ppm	0.02	Da	HCD	unspecific cleavage
/mnt/daicx/pvc-afbfaa68-aa52-416c-b273-64fb016fd745/PXD019463/160617_DK_AUT01-DN06_LymphNode_Tue39L243_20_DDA_3_400-1000mz_msms10_standard.raw	160617_DK_AUT01-DN06_LymphNode_Tue39L243_20_DDA_3_400-1000mz_msms10_standard.mzML	Carbamidomethyl (C)	Oxidation (M)	Data-Dependent Acquisition	label free sample	5	ppm	0.02	Da	HCD	unspecific cleavage
/mnt/daicx/pvc-afbfaa68-aa52-416c-b273-64fb016fd745/PXD019463/191205_AMLM_THY01-DN1_Thymus_Tue39L243_10_DDA_1_400-1000mz_msms32_standard.raw	191205_AMLM_THY01-DN1_Thymus_Tue39L243_10_DDA_1_400-1000mz_msms32_standard.mzML	Carbamidomethyl (C)	Oxidation (M)	Data-Dependent Acquisition	label free sample	5	ppm	0.02	Da	HCD	unspecific cleavage
/mnt/daicx/pvc-afbfaa68-aa52-416c-b273-64fb016fd745/PXD019463/191205_AMLM_THY01-DN1_Thymus_Tue39L243_10_DDA_2_400-1000mz_msms33_standard.raw	191205_AMLM_THY01-DN1_Thymus_Tue39L243_10_DDA_2_400-1000mz_msms33_standard.mzML	Carbamidomethyl (C)	Oxidation (M)	Data-Dependent Acquisition	label free sample	5	ppm	0.02	Da	HCD	unspecific cleavage
/mnt/daicx/pvc-afbfaa68-aa52-416c-b273-64fb016fd745/PXD019463/191205_AMLM_THY01-DN1_Thymus_Tue39L243_10_DDA_3_400-1000mz_msms34_standard.raw	191205_AMLM_THY01-DN1_Thymus_Tue39L243_10_DDA_3_400-1000mz_msms34_standard.mzML	Carbamidomethyl (C)	Oxidation (M)	Data-Dependent Acquisition	label free sample	5	ppm	0.02	Da	HCD	unspecific cleavage
/mnt/daicx/pvc-afbfaa68-aa52-416c-b273-64fb016fd745/PXD019463/160703_DK_AUT01-DN08_Testis_Tue39L243_20_DDA_1_400-1000mz_msms9_standard.raw	160703_DK_AUT01-DN08_Testis_Tue39L243_20_DDA_1_400-1000mz_msms9_standard.mzML	Carbamidomethyl (C)	Oxidation (M)	Data-Dependent Acquisition	label free sample	5	ppm	0.02	Da	HCD	unspecific cleavage
/mnt/daicx/pvc-afbfaa68-aa52-416c-b273-64fb016fd745/PXD019463/160703_DK_AUT01-DN08_Testis_Tue39L243_20_DDA_2_400-1000mz_msms10_standard.raw	160703_DK_AUT01-DN08_Testis_Tue39L243_20_DDA_2_400-1000mz_msms10_standard.mzML	Carbamidomethyl (C)	Oxidation (M)	Data-Dependent Acquisition	label free sample	5	ppm	0.02	Da	HCD	unspecific cleavage
/mnt/daicx/pvc-afbfaa68-aa52-416c-b273-64fb016fd745/PXD019463/160703_DK_AUT01-DN08_Testis_Tue39L243_20_DDA_3_400-1000mz_msms11_standard.raw	160703_DK_AUT01-DN08_Testis_Tue39L243_20_DDA_3_400-1000mz_msms11_standard.mzML	Carbamidomethyl (C)	Oxidation (M)	Data-Dependent Acquisition	label free sample	5	ppm	0.02	Da	HCD	unspecific cleavage
/mnt/daicx/pvc-afbfaa68-aa52-416c-b273-64fb016fd745/PXD019463/170929_AM_AUT01-DN17_AdrenalGland_Tue39L243_10_DDA_1_400-1000mz_msms12_standard.raw	170929_AM_AUT01-DN17_AdrenalGland_Tue39L243_10_DDA_1_400-1000mz_msms12_standard.mzML	Carbamidomethyl (C)	Oxidation (M)	Data-Dependent Acquisition	label free sample	5	ppm	0.02	Da	HCD	unspecific cleavage
/mnt/daicx/pvc-afbfaa68-aa52-416c-b273-64fb016fd745/PXD019463/170929_AM_AUT01-DN17_AdrenalGland_Tue39L243_10_DDA_2_400-1000mz_msms13_standard.raw	170929_AM_AUT01-DN17_AdrenalGland_Tue39L243_10_DDA_2_400-1000mz_msms13_standard.mzML	Carbamidomethyl (C)	Oxidation (M)	Data-Dependent Acquisition	label free sample	5	ppm	0.02	Da	HCD	unspecific cleavage
/mnt/daicx/pvc-afbfaa68-aa52-416c-b273-64fb016fd745/PXD019463/170929_AM_AUT01-DN17_AdrenalGland_Tue39L243_10_DDA_3_400-1000mz_msms14_standard.raw	170929_AM_AUT01-DN17_AdrenalGland_Tue39L243_10_DDA_3_400-1000mz_msms14_standard.mzML	Carbamidomethyl (C)	Oxidation (M)	Data-Dependent Acquisition	label free sample	5	ppm	0.02	Da	HCD	unspecific cleavage
/mnt/daicx/pvc-afbfaa68-aa52-416c-b273-64fb016fd745/PXD019463/170723_AM_AUT01-DN15_Spleen_Tue39L243_10_DDA_1_400-1000mz_msms7_standard.raw	170723_AM_AUT01-DN15_Spleen_Tue39L243_10_DDA_1_400-1000mz_msms7_standard.mzML	Carbamidomethyl (C)	Oxidation (M)	Data-Dependent Acquisition	label free sample	5	ppm	0.02	Da	HCD	unspecific cleavage
/mnt/daicx/pvc-afbfaa68-aa52-416c-b273-64fb016fd745/PXD019463/170723_AM_AUT01-DN15_Spleen_Tue39L243_10_DDA_2_400-1000mz_msms8_standard.raw	170723_AM_AUT01-DN15_Spleen_Tue39L243_10_DDA_2_400-1000mz_msms8_standard.mzML	Carbamidomethyl (C)	Oxidation (M)	Data-Dependent Acquisition	label free sample	5	ppm	0.02	Da	HCD	unspecific cleavage
/mnt/daicx/pvc-afbfaa68-aa52-416c-b273-64fb016fd745/PXD019463/170723_AM_AUT01-DN15_Spleen_Tue39L243_10_DDA_3_400-1000mz_msms9_standard.raw	170723_AM_AUT01-DN15_Spleen_Tue39L243_10_DDA_3_400-1000mz_msms9_standard.mzML	Carbamidomethyl (C)	Oxidation (M)	Data-Dependent Acquisition	label free sample	5	ppm	0.02	Da	HCD	unspecific cleavage
/mnt/daicx/pvc-afbfaa68-aa52-416c-b273-64fb016fd745/PXD019463/170102_AM_AUT01-DN13_Bladder_Tue39L243_10_DDA_1_400-1000mz_msms5_standard.raw	170102_AM_AUT01-DN13_Bladder_Tue39L243_10_DDA_1_400-1000mz_msms5_standard.mzML	Carbamidomethyl (C)	Oxidation (M)	Data-Dependent Acquisition	label free sample	5	ppm	0.02	Da	HCD	unspecific cleavage
/mnt/daicx/pvc-afbfaa68-aa52-416c-b273-64fb016fd745/PXD019463/170102_AM_AUT01-DN13_Bladder_Tue39L243_10_DDA_2_400-1000mz_msm6_standard.raw	170102_AM_AUT01-DN13_Bladder_Tue39L243_10_DDA_2_400-1000mz_msm6_standard.mzML	Carbamidomethyl (C)	Oxidation (M)	Data-Dependent Acquisition	label free sample	5	ppm	0.02	Da	HCD	unspecific cleavage
/mnt/daicx/pvc-afbfaa68-aa52-416c-b273-64fb016fd745/PXD019463/170102_AM_AUT01-DN13_Bladder_Tue39L243_10_DDA_3_400-1000mz_msms7_standard.raw	170102_AM_AUT01-DN13_Bladder_Tue39L243_10_DDA_3_400-1000mz_msms7_standard.mzML	Carbamidomethyl (C)	Oxidation (M)	Data-Dependent Acquisition	label free sample	5	ppm	0.02	Da	HCD	unspecific cleavage
/mnt/daicx/pvc-afbfaa68-aa52-416c-b273-64fb016fd745/PXD019463/170530_AM_AUT01-DN14_Bladder_Tue39L243_10_DDA_1_400-1000mz_msms4_standard.raw	170530_AM_AUT01-DN14_Bladder_Tue39L243_10_DDA_1_400-1000mz_msms4_standard.mzML	Carbamidomethyl (C)	Oxidation (M)	Data-Dependent Acquisition	label free sample	5	ppm	0.02	Da	HCD	unspecific cleavage
/mnt/daicx/pvc-afbfaa68-aa52-416c-b273-64fb016fd745/PXD019463/170530_AM_AUT01-DN14_Bladder_Tue39L243_10_DDA_2_400-1000mz_msms5_standard.raw	170530_AM_AUT01-DN14_Bladder_Tue39L243_10_DDA_2_400-1000mz_msms5_standard.mzML	Carbamidomethyl (C)	Oxidation (M)	Data-Dependent Acquisition	label free sample	5	ppm	0.02	Da	HCD	unspecific cleavage
/mnt/daicx/pvc-afbfaa68-aa52-416c-b273-64fb016fd745/PXD019463/170530_AM_AUT01-DN14_Bladder_Tue39L243_10_DDA_3_400-1000mz_msms6_standard.raw	170530_AM_AUT01-DN14_Bladder_Tue39L243_10_DDA_3_400-1000mz_msms6_standard.mzML	Carbamidomethyl (C)	Oxidation (M)	Data-Dependent Acquisition	label free sample	5	ppm	0.02	Da	HCD	unspecific cleavage
/mnt/daicx/pvc-afbfaa68-aa52-416c-b273-64fb016fd745/PXD019463/161119_AM_AUT01-DN13_Brain_Tue39L243_10_DDA_1_400-1000mz_msms7_standard.raw	161119_AM_AUT01-DN13_Brain_Tue39L243_10_DDA_1_400-1000mz_msms7_standard.mzML	Carbamidomethyl (C)	Oxidation (M)	Data-Dependent Acquisition	label free sample	5	ppm	0.02	Da	HCD	unspecific cleavage
/mnt/daicx/pvc-afbfaa68-aa52-416c-b273-64fb016fd745/PXD019463/161119_AM_AUT01-DN13_Brain_Tue39L243_10_DDA_2_400-1000mz_msms8_standard.raw	161119_AM_AUT01-DN13_Brain_Tue39L243_10_DDA_2_400-1000mz_msms8_standard.mzML	Carbamidomethyl (C)	Oxidation (M)	Data-Dependent Acquisition	label free sample	5	ppm	0.02	Da	HCD	unspecific cleavage
/mnt/daicx/pvc-afbfaa68-aa52-416c-b273-64fb016fd745/PXD019463/161119_AM_AUT01-DN13_Brain_Tue39L243_10_DDA_3_400-1000mz_msms9_standard.raw	161119_AM_AUT01-DN13_Brain_Tue39L243_10_DDA_3_400-1000mz_msms9_standard.mzML	Carbamidomethyl (C)	Oxidation (M)	Data-Dependent Acquisition	label free sample	5	ppm	0.02	Da	HCD	unspecific cleavage
/mnt/daicx/pvc-afbfaa68-aa52-416c-b273-64fb016fd745/PXD019463/171012_AM_AUT01-DN17_SmallIntestine_Tue39L243_10_DDA_1_400-1000mz_msms26_standard.raw	171012_AM_AUT01-DN17_SmallIntestine_Tue39L243_10_DDA_1_400-1000mz_msms26_standard.mzML	Carbamidomethyl (C)	Oxidation (M)	Data-Dependent Acquisition	label free sample	5	ppm	0.02	Da	HCD	unspecific cleavage
/mnt/daicx/pvc-afbfaa68-aa52-416c-b273-64fb016fd745/PXD019463/171012_AM_AUT01-DN17_SmallIntestine_Tue39L243_10_DDA_2_400-1000mz_msms27_standard.raw	171012_AM_AUT01-DN17_SmallIntestine_Tue39L243_10_DDA_2_400-1000mz_msms27_standard.mzML	Carbamidomethyl (C)	Oxidation (M)	Data-Dependent Acquisition	label free sample	5	ppm	0.02	Da	HCD	unspecific cleavage
/mnt/daicx/pvc-afbfaa68-aa52-416c-b273-64fb016fd745/PXD019463/171012_AM_AUT01-DN17_SmallIntestine_Tue39L243_10_DDA_3_400-1000mz_msms28_standard.raw	171012_AM_AUT01-DN17_SmallIntestine_Tue39L243_10_DDA_3_400-1000mz_msms28_standard.mzML	Carbamidomethyl (C)	Oxidation (M)	Data-Dependent Acquisition	label free sample	5	ppm	0.02	Da	HCD	unspecific cleavage
/mnt/daicx/pvc-afbfaa68-aa52-416c-b273-64fb016fd745/PXD019463/161011_AM_AUT01-DN08_Brain_Tue39L243_10_DDA_1_400-1000mz_msms20_standard.raw	161011_AM_AUT01-DN08_Brain_Tue39L243_10_DDA_1_400-1000mz_msms20_standard.mzML	Carbamidomethyl (C)	Oxidation (M)	Data-Dependent Acquisition	label free sample	5	ppm	0.02	Da	HCD	unspecific cleavage
/mnt/daicx/pvc-afbfaa68-aa52-416c-b273-64fb016fd745/PXD019463/161011_AM_AUT01-DN08_Brain_Tue39L243_10_DDA_2_400-1000mz_msms21_standard.raw	161011_AM_AUT01-DN08_Brain_Tue39L243_10_DDA_2_400-1000mz_msms21_standard.mzML	Carbamidomethyl (C)	Oxidation (M)	Data-Dependent Acquisition	label free sample	5	ppm	0.02	Da	HCD	unspecific cleavage
/mnt/daicx/pvc-afbfaa68-aa52-416c-b273-64fb016fd745/PXD019463/161011_AM_AUT01-DN08_Brain_Tue39L243_10_DDA_3_400-1000mz_msms22_standard.raw	161011_AM_AUT01-DN08_Brain_Tue39L243_10_DDA_3_400-1000mz_msms22_standard.mzML	Carbamidomethyl (C)	Oxidation (M)	Data-Dependent Acquisition	label free sample	5	ppm	0.02	Da	HCD	unspecific cleavage
/mnt/daicx/pvc-afbfaa68-aa52-416c-b273-64fb016fd745/PXD019463/180602_AM_AUT01-DN15_Stomach_Tue39L243_10_DDA_1_400-1000mz_msms9_Antrum.raw	180602_AM_AUT01-DN15_Stomach_Tue39L243_10_DDA_1_400-1000mz_msms9_Antrum.mzML	Carbamidomethyl (C)	Oxidation (M)	Data-Dependent Acquisition	label free sample	5	ppm	0.02	Da	HCD	unspecific cleavage
/mnt/daicx/pvc-afbfaa68-aa52-416c-b273-64fb016fd745/PXD019463/180602_AM_AUT01-DN15_Stomach_Tue39L243_10_DDA_2_400-1000mz_msms10_Antrum.raw	180602_AM_AUT01-DN15_Stomach_Tue39L243_10_DDA_2_400-1000mz_msms10_Antrum.mzML	Carbamidomethyl (C)	Oxidation (M)	Data-Dependent Acquisition	label free sample	5	ppm	0.02	Da	HCD	unspecific cleavage
/mnt/daicx/pvc-afbfaa68-aa52-416c-b273-64fb016fd745/PXD019463/180602_AM_AUT01-DN15_Stomach_Tue39L243_10_DDA_3_400-1000mz_msms11_Antrum.raw	180602_AM_AUT01-DN15_Stomach_Tue39L243_10_DDA_3_400-1000mz_msms11_Antrum.mzML	Carbamidomethyl (C)	Oxidation (M)	Data-Dependent Acquisition	label free sample	5	ppm	0.02	Da	HCD	unspecific cleavage
/mnt/daicx/pvc-afbfaa68-aa52-416c-b273-64fb016fd745/PXD019463/181006_AM_AUT01-DN03_Trachea_Tue39L243_10_DDA_1_400-1000mz_msms8_Refill.raw	181006_AM_AUT01-DN03_Trachea_Tue39L243_10_DDA_1_400-1000mz_msms8_Refill.mzML	Carbamidomethyl (C)	Oxidation (M)	Data-Dependent Acquisition	label free sample	5	ppm	0.02	Da	HCD	unspecific cleavage
/mnt/daicx/pvc-afbfaa68-aa52-416c-b273-64fb016fd745/PXD019463/181006_AM_AUT01-DN03_Trachea_Tue39L243_10_DDA_2_400-1000mz_msms9_Refill.raw	181006_AM_AUT01-DN03_Trachea_Tue39L243_10_DDA_2_400-1000mz_msms9_Refill.mzML	Carbamidomethyl (C)	Oxidation (M)	Data-Dependent Acquisition	label free sample	5	ppm	0.02	Da	HCD	unspecific cleavage
/mnt/daicx/pvc-afbfaa68-aa52-416c-b273-64fb016fd745/PXD019463/181006_AM_AUT01-DN03_Trachea_Tue39L243_10_DDA_3_400-1000mz_msms10_Refill.raw	181006_AM_AUT01-DN03_Trachea_Tue39L243_10_DDA_3_400-1000mz_msms10_Refill.mzML	Carbamidomethyl (C)	Oxidation (M)	Data-Dependent Acquisition	label free sample	5	ppm	0.02	Da	HCD	unspecific cleavage
/mnt/daicx/pvc-afbfaa68-aa52-416c-b273-64fb016fd745/PXD019463/170807_AM_AUT01-DN09_AdrenalGland_Tue39L243_10_DDA_1_400-1000mz_msms19_standard.raw	170807_AM_AUT01-DN09_AdrenalGland_Tue39L243_10_DDA_1_400-1000mz_msms19_standard.mzML	Carbamidomethyl (C)	Oxidation (M)	Data-Dependent Acquisition	label free sample	5	ppm	0.02	Da	HCD	unspecific cleavage
/mnt/daicx/pvc-afbfaa68-aa52-416c-b273-64fb016fd745/PXD019463/170807_AM_AUT01-DN09_AdrenalGland_Tue39L243_10_DDA_2_400-1000mz_msms20_standard.raw	170807_AM_AUT01-DN09_AdrenalGland_Tue39L243_10_DDA_2_400-1000mz_msms20_standard.mzML	Carbamidomethyl (C)	Oxidation (M)	Data-Dependent Acquisition	label free sample	5	ppm	0.02	Da	HCD	unspecific cleavage
/mnt/daicx/pvc-afbfaa68-aa52-416c-b273-64fb016fd745/PXD019463/170807_AM_AUT01-DN09_AdrenalGland_Tue39L243_10_DDA_3_400-1000mz_msms21_standard.raw	170807_AM_AUT01-DN09_AdrenalGland_Tue39L243_10_DDA_3_400-1000mz_msms21_standard.mzML	Carbamidomethyl (C)	Oxidation (M)	Data-Dependent Acquisition	label free sample	5	ppm	0.02	Da	HCD	unspecific cleavage
/mnt/daicx/pvc-afbfaa68-aa52-416c-b273-64fb016fd745/PXD019463/160716_AM_AUT01-DN09_Kidney_Tue39L243_20_DDA_1_400-1000mz_msms48_Transplant.raw	160716_AM_AUT01-DN09_Kidney_Tue39L243_20_DDA_1_400-1000mz_msms48_Transplant.mzML	Carbamidomethyl (C)	Oxidation (M)	Data-Dependent Acquisition	label free sample	5	ppm	0.02	Da	HCD	unspecific cleavage
/mnt/daicx/pvc-afbfaa68-aa52-416c-b273-64fb016fd745/PXD019463/160716_AM_AUT01-DN09_Kidney_Tue39L243_20_DDA_2_400-1000mz_msms49_Transplant.raw	160716_AM_AUT01-DN09_Kidney_Tue39L243_20_DDA_2_400-1000mz_msms49_Transplant.mzML	Carbamidomethyl (C)	Oxidation (M)	Data-Dependent Acquisition	label free sample	5	ppm	0.02	Da	HCD	unspecific cleavage
/mnt/daicx/pvc-afbfaa68-aa52-416c-b273-64fb016fd745/PXD019463/160716_AM_AUT01-DN09_Kidney_Tue39L243_20_DDA_3_400-1000mz_msms50_Transplant.raw	160716_AM_AUT01-DN09_Kidney_Tue39L243_20_DDA_3_400-1000mz_msms50_Transplant.mzML	Carbamidomethyl (C)	Oxidation (M)	Data-Dependent Acquisition	label free sample	5	ppm	0.02	Da	HCD	unspecific cleavage
/mnt/daicx/pvc-afbfaa68-aa52-416c-b273-64fb016fd745/PXD019463/170701_AM_AUT01-DN12_Thyroid_Tue39L243_10_DDA_1_400-1000mz_msms7_standard.raw	170701_AM_AUT01-DN12_Thyroid_Tue39L243_10_DDA_1_400-1000mz_msms7_standard.mzML	Carbamidomethyl (C)	Oxidation (M)	Data-Dependent Acquisition	label free sample	5	ppm	0.02	Da	HCD	unspecific cleavage
/mnt/daicx/pvc-afbfaa68-aa52-416c-b273-64fb016fd745/PXD019463/170701_AM_AUT01-DN12_Thyroid_Tue39L243_10_DDA_2_400-1000mz_msms8_standard.raw	170701_AM_AUT01-DN12_Thyroid_Tue39L243_10_DDA_2_400-1000mz_msms8_standard.mzML	Carbamidomethyl (C)	Oxidation (M)	Data-Dependent Acquisition	label free sample	5	ppm	0.02	Da	HCD	unspecific cleavage
/mnt/daicx/pvc-afbfaa68-aa52-416c-b273-64fb016fd745/PXD019463/170701_AM_AUT01-DN12_Thyroid_Tue39L243_10_DDA_3_400-1000mz_msms9_standard.raw	170701_AM_AUT01-DN12_Thyroid_Tue39L243_10_DDA_3_400-1000mz_msms9_standard.mzML	Carbamidomethyl (C)	Oxidation (M)	Data-Dependent Acquisition	label free sample	5	ppm	0.02	Da	HCD	unspecific cleavage
/mnt/daicx/pvc-afbfaa68-aa52-416c-b273-64fb016fd745/PXD019463/170413_AM_AUT01-DN12_BoneMarrow_Tue39L243_10_DDA_1_400-1000mz_msms38_standard.raw	170413_AM_AUT01-DN12_BoneMarrow_Tue39L243_10_DDA_1_400-1000mz_msms38_standard.mzML	Carbamidomethyl (C)	Oxidation (M)	Data-Dependent Acquisition	label free sample	5	ppm	0.02	Da	HCD	unspecific cleavage
/mnt/daicx/pvc-afbfaa68-aa52-416c-b273-64fb016fd745/PXD019463/170413_AM_AUT01-DN12_BoneMarrow_Tue39L243_10_DDA_2_400-1000mz_msms39_standard.raw	170413_AM_AUT01-DN12_BoneMarrow_Tue39L243_10_DDA_2_400-1000mz_msms39_standard.mzML	Carbamidomethyl (C)	Oxidation (M)	Data-Dependent Acquisition	label free sample	5	ppm	0.02	Da	HCD	unspecific cleavage
/mnt/daicx/pvc-afbfaa68-aa52-416c-b273-64fb016fd745/PXD019463/170413_AM_AUT01-DN12_BoneMarrow_Tue39L243_10_DDA_3_400-1000mz_msms40_standard.raw	170413_AM_AUT01-DN12_BoneMarrow_Tue39L243_10_DDA_3_400-1000mz_msms40_standard.mzML	Carbamidomethyl (C)	Oxidation (M)	Data-Dependent Acquisition	label free sample	5	ppm	0.02	Da	HCD	unspecific cleavage
/mnt/daicx/pvc-afbfaa68-aa52-416c-b273-64fb016fd745/PXD019463/170804_AM_AUT01-DN15_Thyroid_Tue39L243_10_DDA_1_400-1000mz_msms11_standard.raw	170804_AM_AUT01-DN15_Thyroid_Tue39L243_10_DDA_1_400-1000mz_msms11_standard.mzML	Carbamidomethyl (C)	Oxidation (M)	Data-Dependent Acquisition	label free sample	5	ppm	0.02	Da	HCD	unspecific cleavage
/mnt/daicx/pvc-afbfaa68-aa52-416c-b273-64fb016fd745/PXD019463/170804_AM_AUT01-DN15_Thyroid_Tue39L243_10_DDA_2_400-1000mz_msms15_standard.raw	170804_AM_AUT01-DN15_Thyroid_Tue39L243_10_DDA_2_400-1000mz_msms15_standard.mzML	Carbamidomethyl (C)	Oxidation (M)	Data-Dependent Acquisition	label free sample	5	ppm	0.02	Da	HCD	unspecific cleavage
/mnt/daicx/pvc-afbfaa68-aa52-416c-b273-64fb016fd745/PXD019463/170804_AM_AUT01-DN15_Thyroid_Tue39L243_10_DDA_3_400-1000mz_msms16_standard.raw	170804_AM_AUT01-DN15_Thyroid_Tue39L243_10_DDA_3_400-1000mz_msms16_standard.mzML	Carbamidomethyl (C)	Oxidation (M)	Data-Dependent Acquisition	label free sample	5	ppm	0.02	Da	HCD	unspecific cleavage
/mnt/daicx/pvc-afbfaa68-aa52-416c-b273-64fb016fd745/PXD019463/160711_AM_AUT01-DN08_Heart_Tue39L243_20_DDA_1_400-1000mz_msms31_standard.raw	160711_AM_AUT01-DN08_Heart_Tue39L243_20_DDA_1_400-1000mz_msms31_standard.mzML	Carbamidomethyl (C)	Oxidation (M)	Data-Dependent Acquisition	label free sample	5	ppm	0.02	Da	HCD	unspecific cleavage
/mnt/daicx/pvc-afbfaa68-aa52-416c-b273-64fb016fd745/PXD019463/160711_AM_AUT01-DN08_Heart_Tue39L243_20_DDA_2_400-1000mz_msms32_standard.raw	160711_AM_AUT01-DN08_Heart_Tue39L243_20_DDA_2_400-1000mz_msms32_standard.mzML	Carbamidomethyl (C)	Oxidation (M)	Data-Dependent Acquisition	label free sample	5	ppm	0.02	Da	HCD	unspecific cleavage
/mnt/daicx/pvc-afbfaa68-aa52-416c-b273-64fb016fd745/PXD019463/160711_AM_AUT01-DN08_Heart_Tue39L243_20_DDA_3_400-1000mz_msms33_standard.raw	160711_AM_AUT01-DN08_Heart_Tue39L243_20_DDA_3_400-1000mz_msms33_standard.mzML	Carbamidomethyl (C)	Oxidation (M)	Data-Dependent Acquisition	label free sample	5	ppm	0.02	Da	HCD	unspecific cleavage
/mnt/daicx/pvc-afbfaa68-aa52-416c-b273-64fb016fd745/PXD019463/161209_AM_AUT01-DN13_Colon_Tue39L243_10_DDA_1_400-1000mz_msms30_standard.raw	161209_AM_AUT01-DN13_Colon_Tue39L243_10_DDA_1_400-1000mz_msms30_standard.mzML	Carbamidomethyl (C)	Oxidation (M)	Data-Dependent Acquisition	label free sample	5	ppm	0.02	Da	HCD	unspecific cleavage
/mnt/daicx/pvc-afbfaa68-aa52-416c-b273-64fb016fd745/PXD019463/161209_AM_AUT01-DN13_Colon_Tue39L243_10_DDA_2_400-1000mz_msms31_standard.raw	161209_AM_AUT01-DN13_Colon_Tue39L243_10_DDA_2_400-1000mz_msms31_standard.mzML	Carbamidomethyl (C)	Oxidation (M)	Data-Dependent Acquisition	label free sample	5	ppm	0.02	Da	HCD	unspecific cleavage
/mnt/daicx/pvc-afbfaa68-aa52-416c-b273-64fb016fd745/PXD019463/161209_AM_AUT01-DN13_Colon_Tue39L243_10_DDA_3_400-1000mz_msms32_standard.raw	161209_AM_AUT01-DN13_Colon_Tue39L243_10_DDA_3_400-1000mz_msms32_standard.mzML	Carbamidomethyl (C)	Oxidation (M)	Data-Dependent Acquisition	label free sample	5	ppm	0.02	Da	HCD	unspecific cleavage
/mnt/daicx/pvc-afbfaa68-aa52-416c-b273-64fb016fd745/PXD019463/181008_AM_AUT01-DN03_Esophagus_Tue39L243_10_DDA_1_400-1000mz_msms6_Refill.raw	181008_AM_AUT01-DN03_Esophagus_Tue39L243_10_DDA_1_400-1000mz_msms6_Refill.mzML	Carbamidomethyl (C)	Oxidation (M)	Data-Dependent Acquisition	label free sample	5	ppm	0.02	Da	HCD	unspecific cleavage
/mnt/daicx/pvc-afbfaa68-aa52-416c-b273-64fb016fd745/PXD019463/181008_AM_AUT01-DN03_Esophagus_Tue39L243_10_DDA_2_400-1000mz_msms7_Refill.raw	181008_AM_AUT01-DN03_Esophagus_Tue39L243_10_DDA_2_400-1000mz_msms7_Refill.mzML	Carbamidomethyl (C)	Oxidation (M)	Data-Dependent Acquisition	label free sample	5	ppm	0.02	Da	HCD	unspecific cleavage
/mnt/daicx/pvc-afbfaa68-aa52-416c-b273-64fb016fd745/PXD019463/181008_AM_AUT01-DN03_Esophagus_Tue39L243_10_DDA_3_400-1000mz_msms8_Refill.raw	181008_AM_AUT01-DN03_Esophagus_Tue39L243_10_DDA_3_400-1000mz_msms8_Refill.mzML	Carbamidomethyl (C)	Oxidation (M)	Data-Dependent Acquisition	label free sample	5	ppm	0.02	Da	HCD	unspecific cleavage
/mnt/daicx/pvc-afbfaa68-aa52-416c-b273-64fb016fd745/PXD019463/160625_DK_AUT01-DN05_Thyroid_Tue39L243_20_DDA_1_400-1000mz_msms32_standard.raw	160625_DK_AUT01-DN05_Thyroid_Tue39L243_20_DDA_1_400-1000mz_msms32_standard.mzML	Carbamidomethyl (C)	Oxidation (M)	Data-Dependent Acquisition	label free sample	5	ppm	0.02	Da	HCD	unspecific cleavage
/mnt/daicx/pvc-afbfaa68-aa52-416c-b273-64fb016fd745/PXD019463/160625_DK_AUT01-DN05_Thyroid_Tue39L243_20_DDA_2_400-1000mz_msms33_standard.raw	160625_DK_AUT01-DN05_Thyroid_Tue39L243_20_DDA_2_400-1000mz_msms33_standard.mzML	Carbamidomethyl (C)	Oxidation (M)	Data-Dependent Acquisition	label free sample	5	ppm	0.02	Da	HCD	unspecific cleavage
/mnt/daicx/pvc-afbfaa68-aa52-416c-b273-64fb016fd745/PXD019463/160625_DK_AUT01-DN05_Thyroid_Tue39L243_20_DDA_3_400-1000mz_msms34_standard.raw	160625_DK_AUT01-DN05_Thyroid_Tue39L243_20_DDA_3_400-1000mz_msms34_standard.mzML	Carbamidomethyl (C)	Oxidation (M)	Data-Dependent Acquisition	label free sample	5	ppm	0.02	Da	HCD	unspecific cleavage
/mnt/daicx/pvc-afbfaa68-aa52-416c-b273-64fb016fd745/PXD019463/170428_AM_AUT01-DN14_Testis_Tue39L243_10_DDA_1_400-1000mz_msms8_standard.raw	170428_AM_AUT01-DN14_Testis_Tue39L243_10_DDA_1_400-1000mz_msms8_standard.mzML	Carbamidomethyl (C)	Oxidation (M)	Data-Dependent Acquisition	label free sample	5	ppm	0.02	Da	HCD	unspecific cleavage
/mnt/daicx/pvc-afbfaa68-aa52-416c-b273-64fb016fd745/PXD019463/170428_AM_AUT01-DN14_Testis_Tue39L243_10_DDA_2_400-1000mz_msms9_standard.raw	170428_AM_AUT01-DN14_Testis_Tue39L243_10_DDA_2_400-1000mz_msms9_standard.mzML	Carbamidomethyl (C)	Oxidation (M)	Data-Dependent Acquisition	label free sample	5	ppm	0.02	Da	HCD	unspecific cleavage
/mnt/daicx/pvc-afbfaa68-aa52-416c-b273-64fb016fd745/PXD019463/170428_AM_AUT01-DN14_Testis_Tue39L243_10_DDA_3_400-1000mz_msms10_standard.raw	170428_AM_AUT01-DN14_Testis_Tue39L243_10_DDA_3_400-1000mz_msms10_standard.mzML	Carbamidomethyl (C)	Oxidation (M)	Data-Dependent Acquisition	label free sample	5	ppm	0.02	Da	HCD	unspecific cleavage
/mnt/daicx/pvc-afbfaa68-aa52-416c-b273-64fb016fd745/PXD019463/180111_AM_AUT01-DN15_Gallbladder_Tue39L243_10_DDA_1_400-1000mz_msms43_standard.raw	180111_AM_AUT01-DN15_Gallbladder_Tue39L243_10_DDA_1_400-1000mz_msms43_standard.mzML	Carbamidomethyl (C)	Oxidation (M)	Data-Dependent Acquisition	label free sample	5	ppm	0.02	Da	HCD	unspecific cleavage
/mnt/daicx/pvc-afbfaa68-aa52-416c-b273-64fb016fd745/PXD019463/180111_AM_AUT01-DN15_Gallbladder_Tue39L243_10_DDA_2_400-1000mz_msms44_standard.raw	180111_AM_AUT01-DN15_Gallbladder_Tue39L243_10_DDA_2_400-1000mz_msms44_standard.mzML	Carbamidomethyl (C)	Oxidation (M)	Data-Dependent Acquisition	label free sample	5	ppm	0.02	Da	HCD	unspecific cleavage
/mnt/daicx/pvc-afbfaa68-aa52-416c-b273-64fb016fd745/PXD019463/180111_AM_AUT01-DN15_Gallbladder_Tue39L243_10_DDA_3_400-1000mz_msms45_standard.raw	180111_AM_AUT01-DN15_Gallbladder_Tue39L243_10_DDA_3_400-1000mz_msms45_standard.mzML	Carbamidomethyl (C)	Oxidation (M)	Data-Dependent Acquisition	label free sample	5	ppm	0.02	Da	HCD	unspecific cleavage
/mnt/daicx/pvc-afbfaa68-aa52-416c-b273-64fb016fd745/PXD019463/160331_DK_AUT01-DN03_SmallIntestine_Tue39L243_8_DDA_1_400-1000mz_msms19_postSCX.raw	160331_DK_AUT01-DN03_SmallIntestine_Tue39L243_8_DDA_1_400-1000mz_msms19_postSCX.mzML	Carbamidomethyl (C)	Oxidation (M)	Data-Dependent Acquisition	label free sample	5	ppm	0.02	Da	HCD	unspecific cleavage
/mnt/daicx/pvc-afbfaa68-aa52-416c-b273-64fb016fd745/PXD019463/160331_DK_AUT01-DN03_SmallIntestine_Tue39L243_8_DDA_2_400-1000mz_msms20_postSCX.raw	160331_DK_AUT01-DN03_SmallIntestine_Tue39L243_8_DDA_2_400-1000mz_msms20_postSCX.mzML	Carbamidomethyl (C)	Oxidation (M)	Data-Dependent Acquisition	label free sample	5	ppm	0.02	Da	HCD	unspecific cleavage
/mnt/daicx/pvc-afbfaa68-aa52-416c-b273-64fb016fd745/PXD019463/160331_DK_AUT01-DN03_SmallIntestine_Tue39L243_8_DDA_3_400-1000mz_msms21_postSCX.raw	160331_DK_AUT01-DN03_SmallIntestine_Tue39L243_8_DDA_3_400-1000mz_msms21_postSCX.mzML	Carbamidomethyl (C)	Oxidation (M)	Data-Dependent Acquisition	label free sample	5	ppm	0.02	Da	HCD	unspecific cleavage
/mnt/daicx/pvc-afbfaa68-aa52-416c-b273-64fb016fd745/PXD019463/160331_DK_AUT01-DN03_Thyroid_Tue39L243_8_DDA_1_400-1000mz_msms31_postSCX.raw	160331_DK_AUT01-DN03_Thyroid_Tue39L243_8_DDA_1_400-1000mz_msms31_postSCX.mzML	Carbamidomethyl (C)	Oxidation (M)	Data-Dependent Acquisition	label free sample	5	ppm	0.02	Da	HCD	unspecific cleavage
/mnt/daicx/pvc-afbfaa68-aa52-416c-b273-64fb016fd745/PXD019463/160331_DK_AUT01-DN03_Thyroid_Tue39L243_8_DDA_2_400-1000mz_msms32_postSCX.raw	160331_DK_AUT01-DN03_Thyroid_Tue39L243_8_DDA_2_400-1000mz_msms32_postSCX.mzML	Carbamidomethyl (C)	Oxidation (M)	Data-Dependent Acquisition	label free sample	5	ppm	0.02	Da	HCD	unspecific cleavage
/mnt/daicx/pvc-afbfaa68-aa52-416c-b273-64fb016fd745/PXD019463/160331_DK_AUT01-DN03_Thyroid_Tue39L243_8_DDA_3_400-1000mz_msms33_postSCX.raw	160331_DK_AUT01-DN03_Thyroid_Tue39L243_8_DDA_3_400-1000mz_msms33_postSCX.mzML	Carbamidomethyl (C)	Oxidation (M)	Data-Dependent Acquisition	label free sample	5	ppm	0.02	Da	HCD	unspecific cleavage
/mnt/daicx/pvc-afbfaa68-aa52-416c-b273-64fb016fd745/PXD019463/170810_AM_AUT01-DN15_Heart_Tue39L243_10_DDA_1_400-1000mz_msms31_standard.raw	170810_AM_AUT01-DN15_Heart_Tue39L243_10_DDA_1_400-1000mz_msms31_standard.mzML	Carbamidomethyl (C)	Oxidation (M)	Data-Dependent Acquisition	label free sample	5	ppm	0.02	Da	HCD	unspecific cleavage
/mnt/daicx/pvc-afbfaa68-aa52-416c-b273-64fb016fd745/PXD019463/170810_AM_AUT01-DN15_Heart_Tue39L243_10_DDA_2_400-1000mz_msms32_standard.raw	170810_AM_AUT01-DN15_Heart_Tue39L243_10_DDA_2_400-1000mz_msms32_standard.mzML	Carbamidomethyl (C)	Oxidation (M)	Data-Dependent Acquisition	label free sample	5	ppm	0.02	Da	HCD	unspecific cleavage
/mnt/daicx/pvc-afbfaa68-aa52-416c-b273-64fb016fd745/PXD019463/170810_AM_AUT01-DN15_Heart_Tue39L243_10_DDA_3_400-1000mz_msms33_standard.raw	170810_AM_AUT01-DN15_Heart_Tue39L243_10_DDA_3_400-1000mz_msms33_standard.mzML	Carbamidomethyl (C)	Oxidation (M)	Data-Dependent Acquisition	label free sample	5	ppm	0.02	Da	HCD	unspecific cleavage
/mnt/daicx/pvc-afbfaa68-aa52-416c-b273-64fb016fd745/PXD019463/170915_AM_AUT01-DN08_Prostate_Tue39L243_8_DDA_1_400-1000mz_msms19_standard.raw	170915_AM_AUT01-DN08_Prostate_Tue39L243_8_DDA_1_400-1000mz_msms19_standard.mzML	Carbamidomethyl (C)	Oxidation (M)	Data-Dependent Acquisition	label free sample	5	ppm	0.02	Da	HCD	unspecific cleavage
/mnt/daicx/pvc-afbfaa68-aa52-416c-b273-64fb016fd745/PXD019463/170915_AM_AUT01-DN08_Prostate_Tue39L243_8_DDA_2_400-1000mz_msms20_standard.raw	170915_AM_AUT01-DN08_Prostate_Tue39L243_8_DDA_2_400-1000mz_msms20_standard.mzML	Carbamidomethyl (C)	Oxidation (M)	Data-Dependent Acquisition	label free sample	5	ppm	0.02	Da	HCD	unspecific cleavage
/mnt/daicx/pvc-afbfaa68-aa52-416c-b273-64fb016fd745/PXD019463/170915_AM_AUT01-DN08_Prostate_Tue39L243_8_DDA_3_400-1000mz_msms21_standard.raw	170915_AM_AUT01-DN08_Prostate_Tue39L243_8_DDA_3_400-1000mz_msms21_standard.mzML	Carbamidomethyl (C)	Oxidation (M)	Data-Dependent Acquisition	label free sample	5	ppm	0.02	Da	HCD	unspecific cleavage
/mnt/daicx/pvc-afbfaa68-aa52-416c-b273-64fb016fd745/PXD019463/161201_AM_AUT01-DN06_Aorta_Tue39L243_10_DDA_1_400-1000mz_msms8_standard.raw	161201_AM_AUT01-DN06_Aorta_Tue39L243_10_DDA_1_400-1000mz_msms8_standard.mzML	Carbamidomethyl (C)	Oxidation (M)	Data-Dependent Acquisition	label free sample	5	ppm	0.02	Da	HCD	unspecific cleavage
/mnt/daicx/pvc-afbfaa68-aa52-416c-b273-64fb016fd745/PXD019463/161201_AM_AUT01-DN06_Aorta_Tue39L243_10_DDA_2_400-1000mz_msms9_standard.raw	161201_AM_AUT01-DN06_Aorta_Tue39L243_10_DDA_2_400-1000mz_msms9_standard.mzML	Carbamidomethyl (C)	Oxidation (M)	Data-Dependent Acquisition	label free sample	5	ppm	0.02	Da	HCD	unspecific cleavage
/mnt/daicx/pvc-afbfaa68-aa52-416c-b273-64fb016fd745/PXD019463/161201_AM_AUT01-DN06_Aorta_Tue39L243_10_DDA_3_400-1000mz_msms10_standard.raw	161201_AM_AUT01-DN06_Aorta_Tue39L243_10_DDA_3_400-1000mz_msms10_standard.mzML	Carbamidomethyl (C)	Oxidation (M)	Data-Dependent Acquisition	label free sample	5	ppm	0.02	Da	HCD	unspecific cleavage
/mnt/daicx/pvc-afbfaa68-aa52-416c-b273-64fb016fd745/PXD019463/170722_AM_AUT01-DN12_Uterus_Tue39L243_10_DDA_1_400-1000mz_msms7_standard.raw	170722_AM_AUT01-DN12_Uterus_Tue39L243_10_DDA_1_400-1000mz_msms7_standard.mzML	Carbamidomethyl (C)	Oxidation (M)	Data-Dependent Acquisition	label free sample	5	ppm	0.02	Da	HCD	unspecific cleavage
/mnt/daicx/pvc-afbfaa68-aa52-416c-b273-64fb016fd745/PXD019463/170722_AM_AUT01-DN12_Uterus_Tue39L243_10_DDA_2_400-1000mz_msms8_standard.raw	170722_AM_AUT01-DN12_Uterus_Tue39L243_10_DDA_2_400-1000mz_msms8_standard.mzML	Carbamidomethyl (C)	Oxidation (M)	Data-Dependent Acquisition	label free sample	5	ppm	0.02	Da	HCD	unspecific cleavage
/mnt/daicx/pvc-afbfaa68-aa52-416c-b273-64fb016fd745/PXD019463/170722_AM_AUT01-DN12_Uterus_Tue39L243_10_DDA_3_400-1000mz_msms9_standard.raw	170722_AM_AUT01-DN12_Uterus_Tue39L243_10_DDA_3_400-1000mz_msms9_standard.mzML	Carbamidomethyl (C)	Oxidation (M)	Data-Dependent Acquisition	label free sample	5	ppm	0.02	Da	HCD	unspecific cleavage
/mnt/daicx/pvc-afbfaa68-aa52-416c-b273-64fb016fd745/PXD019463/160316_DK_AUT01-DN02_Lung_Tue39L243_8_DDA_1_400-1000mz_msms1_standard.raw	160316_DK_AUT01-DN02_Lung_Tue39L243_8_DDA_1_400-1000mz_msms1_standard.mzML	Carbamidomethyl (C)	Oxidation (M)	Data-Dependent Acquisition	label free sample	5	ppm	0.02	Da	HCD	unspecific cleavage
/mnt/daicx/pvc-afbfaa68-aa52-416c-b273-64fb016fd745/PXD019463/160316_DK_AUT01-DN02_Lung_Tue39L243_8_DDA_2_400-1000mz_msms2_standard.raw	160316_DK_AUT01-DN02_Lung_Tue39L243_8_DDA_2_400-1000mz_msms2_standard.mzML	Carbamidomethyl (C)	Oxidation (M)	Data-Dependent Acquisition	label free sample	5	ppm	0.02	Da	HCD	unspecific cleavage
/mnt/daicx/pvc-afbfaa68-aa52-416c-b273-64fb016fd745/PXD019463/160316_DK_AUT01-DN02_Lung_Tue39L243_8_DDA_3_400-1000mz_msms3_standard.raw	160316_DK_AUT01-DN02_Lung_Tue39L243_8_DDA_3_400-1000mz_msms3_standard.mzML	Carbamidomethyl (C)	Oxidation (M)	Data-Dependent Acquisition	label free sample	5	ppm	0.02	Da	HCD	unspecific cleavage
/mnt/daicx/pvc-afbfaa68-aa52-416c-b273-64fb016fd745/PXD019463/160316_DK_AUT01-DN02_Cerebellum_Tue39L243_8_DDA_1_400-1000mz_msms37_standard.raw	160316_DK_AUT01-DN02_Cerebellum_Tue39L243_8_DDA_1_400-1000mz_msms37_standard.mzML	Carbamidomethyl (C)	Oxidation (M)	Data-Dependent Acquisition	label free sample	5	ppm	0.02	Da	HCD	unspecific cleavage
/mnt/daicx/pvc-afbfaa68-aa52-416c-b273-64fb016fd745/PXD019463/160316_DK_AUT01-DN02_Cerebellum_Tue39L243_8_DDA_2_400-1000mz_msms38_standard.raw	160316_DK_AUT01-DN02_Cerebellum_Tue39L243_8_DDA_2_400-1000mz_msms38_standard.mzML	Carbamidomethyl (C)	Oxidation (M)	Data-Dependent Acquisition	label free sample	5	ppm	0.02	Da	HCD	unspecific cleavage
/mnt/daicx/pvc-afbfaa68-aa52-416c-b273-64fb016fd745/PXD019463/160316_DK_AUT01-DN02_Cerebellum_Tue39L243_8_DDA_3_400-1000mz_msms39_standard.raw	160316_DK_AUT01-DN02_Cerebellum_Tue39L243_8_DDA_3_400-1000mz_msms39_standard.mzML	Carbamidomethyl (C)	Oxidation (M)	Data-Dependent Acquisition	label free sample	5	ppm	0.02	Da	HCD	unspecific cleavage
/mnt/daicx/pvc-afbfaa68-aa52-416c-b273-64fb016fd745/PXD019463/170428_AM_AUT01-DN14_LymphNode_Tue39L243_10_DDA_1_400-1000mz_msms24_standard.raw	170428_AM_AUT01-DN14_LymphNode_Tue39L243_10_DDA_1_400-1000mz_msms24_standard.mzML	Carbamidomethyl (C)	Oxidation (M)	Data-Dependent Acquisition	label free sample	5	ppm	0.02	Da	HCD	unspecific cleavage
/mnt/daicx/pvc-afbfaa68-aa52-416c-b273-64fb016fd745/PXD019463/170428_AM_AUT01-DN14_LymphNode_Tue39L243_10_DDA_2_400-1000mz_msms25_standard.raw	170428_AM_AUT01-DN14_LymphNode_Tue39L243_10_DDA_2_400-1000mz_msms25_standard.mzML	Carbamidomethyl (C)	Oxidation (M)	Data-Dependent Acquisition	label free sample	5	ppm	0.02	Da	HCD	unspecific cleavage
/mnt/daicx/pvc-afbfaa68-aa52-416c-b273-64fb016fd745/PXD019463/170428_AM_AUT01-DN14_LymphNode_Tue39L243_10_DDA_3_400-1000mz_msms26_standard.raw	170428_AM_AUT01-DN14_LymphNode_Tue39L243_10_DDA_3_400-1000mz_msms26_standard.mzML	Carbamidomethyl (C)	Oxidation (M)	Data-Dependent Acquisition	label free sample	5	ppm	0.02	Da	HCD	unspecific cleavage
/mnt/daicx/pvc-afbfaa68-aa52-416c-b273-64fb016fd745/PXD019463/170407_AM_AUT01-DN12_Spleen_Tue39L243_10_DDA_1_400-1000mz_msms30_standard.raw	170407_AM_AUT01-DN12_Spleen_Tue39L243_10_DDA_1_400-1000mz_msms30_standard.mzML	Carbamidomethyl (C)	Oxidation (M)	Data-Dependent Acquisition	label free sample	5	ppm	0.02	Da	HCD	unspecific cleavage
/mnt/daicx/pvc-afbfaa68-aa52-416c-b273-64fb016fd745/PXD019463/170407_AM_AUT01-DN12_Spleen_Tue39L243_10_DDA_2_400-1000mz_msm31_standard.raw	170407_AM_AUT01-DN12_Spleen_Tue39L243_10_DDA_2_400-1000mz_msm31_standard.mzML	Carbamidomethyl (C)	Oxidation (M)	Data-Dependent Acquisition	label free sample	5	ppm	0.02	Da	HCD	unspecific cleavage
/mnt/daicx/pvc-afbfaa68-aa52-416c-b273-64fb016fd745/PXD019463/170407_AM_AUT01-DN12_Spleen_Tue39L243_10_DDA_3_400-1000mz_msms32_standard.raw	170407_AM_AUT01-DN12_Spleen_Tue39L243_10_DDA_3_400-1000mz_msms32_standard.mzML	Carbamidomethyl (C)	Oxidation (M)	Data-Dependent Acquisition	label free sample	5	ppm	0.02	Da	HCD	unspecific cleavage
/mnt/daicx/pvc-afbfaa68-aa52-416c-b273-64fb016fd745/PXD019463/180425_AM_AUT01-DN12_Esophagus_Tue39L243_10_DDA_1_400-1000mz_msms16_standard.raw	180425_AM_AUT01-DN12_Esophagus_Tue39L243_10_DDA_1_400-1000mz_msms16_standard.mzML	Carbamidomethyl (C)	Oxidation (M)	Data-Dependent Acquisition	label free sample	5	ppm	0.02	Da	HCD	unspecific cleavage
/mnt/daicx/pvc-afbfaa68-aa52-416c-b273-64fb016fd745/PXD019463/180425_AM_AUT01-DN12_Esophagus_Tue39L243_10_DDA_2_400-1000mz_msms17_standard.raw	180425_AM_AUT01-DN12_Esophagus_Tue39L243_10_DDA_2_400-1000mz_msms17_standard.mzML	Carbamidomethyl (C)	Oxidation (M)	Data-Dependent Acquisition	label free sample	5	ppm	0.02	Da	HCD	unspecific cleavage
/mnt/daicx/pvc-afbfaa68-aa52-416c-b273-64fb016fd745/PXD019463/180425_AM_AUT01-DN12_Esophagus_Tue39L243_10_DDA_3_400-1000mz_msms18_standard.raw	180425_AM_AUT01-DN12_Esophagus_Tue39L243_10_DDA_3_400-1000mz_msms18_standard.mzML	Carbamidomethyl (C)	Oxidation (M)	Data-Dependent Acquisition	label free sample	5	ppm	0.02	Da	HCD	unspecific cleavage
/mnt/daicx/pvc-afbfaa68-aa52-416c-b273-64fb016fd745/PXD019463/191126_AMLM_THY01-DN4_Thymus_Tue39L243_10_DDA_1_400-1000mz_msms39_standard.raw	191126_AMLM_THY01-DN4_Thymus_Tue39L243_10_DDA_1_400-1000mz_msms39_standard.mzML	Carbamidomethyl (C)	Oxidation (M)	Data-Dependent Acquisition	label free sample	5	ppm	0.02	Da	HCD	unspecific cleavage
/mnt/daicx/pvc-afbfaa68-aa52-416c-b273-64fb016fd745/PXD019463/191126_AMLM_THY01-DN4_Thymus_Tue39L243_10_DDA_2_400-1000mz_msms40_standard.raw	191126_AMLM_THY01-DN4_Thymus_Tue39L243_10_DDA_2_400-1000mz_msms40_standard.mzML	Carbamidomethyl (C)	Oxidation (M)	Data-Dependent Acquisition	label free sample	5	ppm	0.02	Da	HCD	unspecific cleavage
/mnt/daicx/pvc-afbfaa68-aa52-416c-b273-64fb016fd745/PXD019463/191126_AMLM_THY01-DN4_Thymus_Tue39L243_10_DDA_3_400-1000mz_msms41_standard.raw	191126_AMLM_THY01-DN4_Thymus_Tue39L243_10_DDA_3_400-1000mz_msms41_standard.mzML	Carbamidomethyl (C)	Oxidation (M)	Data-Dependent Acquisition	label free sample	5	ppm	0.02	Da	HCD	unspecific cleavage
/mnt/daicx/pvc-afbfaa68-aa52-416c-b273-64fb016fd745/PXD019463/170707_AM_AUT01-DN11_Brain_Tue39L243_10_DDA_1_400-1000mz_msms13_standard.raw	170707_AM_AUT01-DN11_Brain_Tue39L243_10_DDA_1_400-1000mz_msms13_standard.mzML	Carbamidomethyl (C)	Oxidation (M)	Data-Dependent Acquisition	label free sample	5	ppm	0.02	Da	HCD	unspecific cleavage
/mnt/daicx/pvc-afbfaa68-aa52-416c-b273-64fb016fd745/PXD019463/170707_AM_AUT01-DN11_Brain_Tue39L243_10_DDA_2_400-1000mz_msms14_standard.raw	170707_AM_AUT01-DN11_Brain_Tue39L243_10_DDA_2_400-1000mz_msms14_standard.mzML	Carbamidomethyl (C)	Oxidation (M)	Data-Dependent Acquisition	label free sample	5	ppm	0.02	Da	HCD	unspecific cleavage
/mnt/daicx/pvc-afbfaa68-aa52-416c-b273-64fb016fd745/PXD019463/170707_AM_AUT01-DN11_Brain_Tue39L243_10_DDA_3_400-1000mz_msms15_standard.raw	170707_AM_AUT01-DN11_Brain_Tue39L243_10_DDA_3_400-1000mz_msms15_standard.mzML	Carbamidomethyl (C)	Oxidation (M)	Data-Dependent Acquisition	label free sample	5	ppm	0.02	Da	HCD	unspecific cleavage
/mnt/daicx/pvc-afbfaa68-aa52-416c-b273-64fb016fd745/PXD019463/180921_AM_AUT01-DN03_Testis_Tue39L243_NA_DDA_1_400-1000mz_msms45_Refill.raw	180921_AM_AUT01-DN03_Testis_Tue39L243_NA_DDA_1_400-1000mz_msms45_Refill.mzML	Carbamidomethyl (C)	Oxidation (M)	Data-Dependent Acquisition	label free sample	5	ppm	0.02	Da	HCD	unspecific cleavage
/mnt/daicx/pvc-afbfaa68-aa52-416c-b273-64fb016fd745/PXD019463/180921_AM_AUT01-DN03_Testis_Tue39L243_NA_DDA_2_400-1000mz_msms46_Refill.raw	180921_AM_AUT01-DN03_Testis_Tue39L243_NA_DDA_2_400-1000mz_msms46_Refill.mzML	Carbamidomethyl (C)	Oxidation (M)	Data-Dependent Acquisition	label free sample	5	ppm	0.02	Da	HCD	unspecific cleavage
/mnt/daicx/pvc-afbfaa68-aa52-416c-b273-64fb016fd745/PXD019463/180921_AM_AUT01-DN03_Testis_Tue39L243_NA_DDA_3_400-1000mz_msms47_Refill.raw	180921_AM_AUT01-DN03_Testis_Tue39L243_NA_DDA_3_400-1000mz_msms47_Refill.mzML	Carbamidomethyl (C)	Oxidation (M)	Data-Dependent Acquisition	label free sample	5	ppm	0.02	Da	HCD	unspecific cleavage
